scene,fa,fb,idx,defect,is_conflict,f_area,f_grad,f_solid
000048,1133,2160,0,clean,False,0.2979,1.6376,0.3003
000048,1133,2160,1,split,True,,1.7719,0.3715
000048,1133,2160,2,dirty,True,0.0854,2.34,0.3094
000048,1133,2160,3,sticky,True,0.6013,1.3285,0.6521
000048,1133,2160,4,clean,False,0.2381,1.093,0.2165
000048,36,1137,0,clean,False,0.0774,1.7397,0.1139
000048,36,1137,1,split,True,0.493,2.7245,0.4108
000048,36,1137,2,dirty,True,0.3467,2.6738,0.3544
000048,36,1137,3,sticky,True,1.0565,1.7739,0.6246
000048,36,1137,4,clean,False,0.2152,1.835,0.2658
000048,36,1597,0,clean,False,0.1508,1.2478,0.139
000048,36,1597,1,split,True,0.4918,2.06,0.4178
000048,36,1597,2,dirty,True,0.3365,2.7014,0.3745
000048,36,1597,3,sticky,True,1.0678,1.5366,0.6416
000048,36,1597,4,clean,False,0.2437,1.4518,0.2631
000049,91,1269,0,clean,False,0.1544,2.6329,-0.0146
000049,91,1269,1,split,True,0.6638,1.5517,0.3888
000049,91,1269,2,dirty,True,,2.1249,0.3831
000049,91,1269,3,sticky,True,1.094,2.2106,0.0332
000049,91,1179,0,clean,False,0.175,2.3653,-0.01
000049,91,1179,1,split,True,0.6908,1.7748,0.3861
000049,91,1179,2,dirty,True,,2.3543,0.4882
000049,91,1179,3,sticky,True,1.0776,2.0115,0.0439
000049,521,1491,0,clean,False,0.0796,2.4724,-0.006
000049,521,1491,1,split,True,0.559,1.2169,0.4008
000049,521,1491,2,dirty,True,0.5008,1.3933,0.3736
000049,521,1491,3,sticky,True,0.9781,1.9698,0.023
000050,751,1874,0,clean,False,0.194,1.9699,0.0355
000050,751,1874,1,split,True,,2.6231,0.3842
000050,751,1874,2,dirty,True,0.4256,1.4158,0.2723
000050,751,1874,3,sticky,True,1.2668,1.942,0.2625
000050,751,1874,4,clean,False,0.0988,1.8721,0.1919
000050,620,1324,0,clean,False,0.0919,1.4162,-0.0002
000050,620,1324,1,split,True,,1.9998,0.424
000050,620,1324,2,dirty,True,0.4189,1.2503,0.2907
000050,620,1324,3,sticky,True,1.2957,2.1094,0.3276
000050,620,1324,4,clean,False,0.1234,1.9383,0.2686
000051,240,1927,0,clean,False,0.1477,1.6314,0.1299
000051,240,1927,1,split,True,0.5895,1.5625,0.4416
000051,240,1927,2,dirty,True,0.0392,1.6025,0.3771
000051,240,1927,3,sticky,True,0.1284,2.1856,0.6197
000051,240,1927,4,clean,False,0.3116,2.2895,0.5742
000051,116,1927,0,clean,False,0.1686,1.6314,0.1299
000051,116,1927,1,split,True,0.6039,1.5625,0.4416
000051,116,1927,2,dirty,True,0.0466,1.6025,0.3771
000051,116,1927,3,sticky,True,0.1501,2.1856,0.6197
000051,116,1927,4,clean,False,0.3433,2.2895,0.5742
000051,116,1729,0,clean,False,0.1557,1.9408,0.1813
000051,116,1729,1,split,True,0.5728,1.6487,0.4508
000051,116,1729,2,dirty,True,0.038,1.5587,0.2977
000051,116,1729,3,sticky,True,0.1135,2.0651,0.6192
000051,116,1729,4,clean,False,0.3959,2.3324,0.5974
000052,48,516,0,clean,False,0.2898,1.7163,0.0125
000052,48,516,1,split,True,,1.3918,0.4057
000052,48,516,2,dirty,True,0.1178,0.8984,0.1541
000052,48,742,0,clean,False,0.3737,1.5513,0.0228
000052,48,742,1,split,True,,1.5026,0.3828
000052,48,742,2,dirty,True,0.1561,1.1574,0.1745
000052,48,886,0,clean,False,0.4228,1.3153,0.0434
000052,48,886,1,split,True,,1.441,0.3922
000052,48,886,2,dirty,True,0.1041,1.0234,0.1658
000053,1,479,0,clean,False,0.0982,1.8525,-0.0102
000053,1,479,1,split,True,0.3949,2.0119,0.4062
000053,1,479,2,dirty,True,0.0548,1.0834,0.2805
000053,168,716,0,clean,False,0.0043,1.7749,-0.0073
000053,168,716,1,split,True,0.4539,1.866,0.3877
000053,168,716,2,dirty,True,0.3655,1.0648,0.379
000053,1,434,0,clean,False,0.0883,1.7449,-0.0097
000053,1,434,1,split,True,0.3972,1.8335,0.4065
000053,1,434,2,dirty,True,0.0361,0.7739,0.2853
000054,202,1111,0,clean,False,0.0362,1.7692,0.4951
000054,202,1111,1,split,True,0.452,1.6889,0.3589
000054,202,1111,2,dirty,True,0.1331,1.2776,0.288
000054,202,1111,3,sticky,True,0.5455,1.3347,0.3691
000054,202,1111,4,clean,False,0.0034,1.1729,0.3003
000054,202,1663,0,clean,False,0.145,1.7778,0.2644
000054,202,1663,1,split,True,0.6948,2.0724,0.4613
000054,202,1663,2,dirty,True,0.1478,1.0363,0.2707
000054,202,1663,3,sticky,True,0.4913,1.4063,0.3911
000054,202,1663,4,clean,False,0.1245,1.4894,0.2791
000054,202,1355,0,clean,False,0.0124,1.8861,0.4008
000054,202,1355,1,split,True,0.6003,1.9935,0.434
000054,202,1355,2,dirty,True,0.1561,1.2576,0.332
000054,202,1355,3,sticky,True,0.5233,1.5663,0.3789
000054,202,1355,4,clean,False,0.0547,1.5546,0.2648
000055,649,1717,0,clean,False,0.027,1.6775,0.004
000055,649,1717,1,split,True,1.1429,1.6264,0.6398
000055,649,1717,2,dirty,True,0.1687,1.0946,0.3482
000055,649,1717,3,sticky,True,0.4394,1.8201,0.1966
000055,649,1717,4,clean,False,0.0133,1.9936,0.0854
000055,649,1717,5,split,True,0.6497,1.9247,0.5839
000055,512,1717,0,clean,False,0.0327,1.6775,0.004
000055,512,1717,1,split,True,1.1732,1.6264,0.6398
000055,512,1717,2,dirty,True,0.1853,1.0946,0.3482
000055,512,1717,3,sticky,True,0.4595,1.8201,0.1966
000055,512,1717,4,clean,False,0.0048,1.9936,0.0854
000055,512,1717,5,split,True,0.6468,1.9247,0.5839
000055,100,1717,0,clean,False,0.0222,1.6775,0.004
000055,100,1717,1,split,True,1.2108,1.6264,0.6398
000055,100,1717,2,dirty,True,0.2356,1.0946,0.3482
000055,100,1717,3,sticky,True,0.5342,1.8201,0.1966
000055,100,1717,4,clean,False,0.0017,1.9936,0.0854
000055,100,1717,5,split,True,0.6595,1.9247,0.5839
000056,143,956,0,clean,False,0.0663,2.029,0.0027
000056,143,956,1,split,True,0.281,1.2496,0.478
000056,143,956,2,dirty,True,0.0586,1.0133,0.1207
000056,143,956,3,sticky,True,0.7671,1.6048,0.1642
000056,254,956,0,clean,False,0.0257,2.029,0.0027
000056,254,956,1,split,True,0.2609,1.2496,0.478
000056,254,956,2,dirty,True,0.0611,1.0133,0.1207
000056,254,956,3,sticky,True,0.6906,1.6048,0.1642
000056,143,522,0,clean,False,0.0696,2.2052,-0.0046
000056,143,522,1,split,True,0.39,1.7118,0.4431
000056,143,522,2,dirty,True,0.0462,0.8921,0.1488
000056,143,522,3,sticky,True,0.785,1.7618,0.1096
000057,38,1057,0,clean,False,0.0381,1.2499,-0.013
000057,38,1057,1,split,True,0.6276,1.8252,0.3894
000057,38,1057,2,dirty,True,0.5161,0.6045,0.406
000057,38,1057,3,sticky,True,0.2759,0.8911,0.4651
000057,38,1057,4,clean,False,0.2487,0.792,0.0279
000057,24,1066,0,clean,False,0.0412,1.2148,-0.0096
000057,24,1066,1,split,True,0.6285,1.9211,0.3977
000057,24,1066,2,dirty,True,0.52,0.5478,0.4058
000057,24,1066,3,sticky,True,0.2361,0.8517,0.4635
000057,24,1066,4,clean,False,0.2349,0.7065,0.0441
000057,38,844,0,clean,False,0.0449,1.2013,-0.0145
000057,38,844,1,split,True,0.5447,0.9978,0.4055
000057,38,844,2,dirty,True,0.5312,1.4757,0.4217
000057,38,844,3,sticky,True,0.2266,0.9399,0.5168
000057,38,844,4,clean,False,0.1327,0.9264,0.0404
000058,617,1549,0,clean,False,0.1131,2.3705,0.104
000058,617,1549,1,split,True,0.3665,1.9214,0.4331
000058,617,1549,2,dirty,True,0.0023,1.6842,0.3829
000058,617,1549,3,sticky,True,0.2814,1.9567,0.277
000058,583,1549,0,clean,False,0.1268,2.3705,0.104
000058,583,1549,1,split,True,0.3439,1.9214,0.4331
000058,583,1549,2,dirty,True,0.003,1.6842,0.3829
000058,583,1549,3,sticky,True,0.2821,1.9567,0.277
000058,444,1639,0,clean,False,0.1613,2.4616,0.0961
000058,444,1639,1,split,True,0.3062,1.923,0.4196
000058,444,1639,2,dirty,True,0.0006,1.699,0.3925
000058,444,1639,3,sticky,True,0.2739,2.1088,0.2757
000059,164,422,0,clean,False,0.1265,1.3916,0.2552
000059,164,422,1,split,True,0.4364,1.2594,0.3646
000059,164,422,2,dirty,True,,0.7322,0.3125
000059,164,422,3,sticky,True,1.6584,1.254,0.3148
000059,164,422,4,clean,False,0.0438,1.4081,0.3163
000059,164,422,5,split,True,0.2907,0.9758,0.3946
000059,164,567,0,clean,False,0.1736,1.2772,0.3524
000059,164,567,1,split,True,0.4387,1.227,0.3694
000059,164,567,2,dirty,True,,0.7262,0.2987
000059,164,567,3,sticky,True,1.7269,1.3987,0.3045
000059,164,567,4,clean,False,0.0467,1.3608,0.314
000059,164,567,5,split,True,0.1829,1.6512,0.4506
000059,274,648,0,clean,False,0.1143,1.319,0.3512
000059,274,648,1,split,True,0.4439,1.3283,0.3636
000059,274,648,2,dirty,True,,0.8219,0.2924
000059,274,648,3,sticky,True,1.4303,1.5341,0.3069
000059,274,648,4,clean,False,0.0085,1.4668,0.3102
000059,274,648,5,split,True,0.2704,1.6008,0.465
