scene,frame_a,frame_b,inst_idx,defect,s1,s1_reason,s2_score,action,pred_conflict,correct
000002,153,473,1,split,split,mask分为2个大块,,RESEGMENT,True,True
000002,153,473,2,dirty,split,mask分为2个大块,,RESEGMENT,True,True
000002,153,473,3,sticky,split,mask分为2个大块,,RESEGMENT,True,True
000002,153,473,5,split,dirty,存在游离小碎块,,RESEGMENT,True,True
000002,153,473,6,dirty,dirty,存在游离小碎块,,RESEGMENT,True,True
000002,679,804,0,clean,split,mask分为2个大块,,RESEGMENT,True,False
000002,679,804,1,split,split,mask分为2个大块,,RESEGMENT,True,True
000002,679,804,2,dirty,split,mask分为2个大块,,RESEGMENT,True,True
000002,679,804,3,sticky,split,mask分为2个大块,,RESEGMENT,True,True
000002,679,804,5,split,split,mask分为2个大块,,RESEGMENT,True,True
000002,679,804,6,dirty,dirty,存在游离小碎块,,RESEGMENT,True,True
000002,679,785,1,split,split,mask分为2个大块,,RESEGMENT,True,True
000002,679,785,2,dirty,split,mask分为2个大块,,RESEGMENT,True,True
000002,679,785,3,sticky,split,mask分为2个大块,,RESEGMENT,True,True
000002,679,785,4,clean,unsure,单连通域无碎块,0.0,REGENERATE,True,False
000002,679,785,5,split,split,mask分为2个大块,,RESEGMENT,True,True
000002,679,785,6,dirty,dirty,存在游离小碎块,,RESEGMENT,True,True
