scene,pair,idx,n_pos,n_neg,fix_cover,score_before,score_after,adopted,iou_before,iou_after,iou_sel,cov_before,cov_prop,cov_reseg,cov_sel,pur_before,pur_prop,pur_reseg,pur_sel
000048,1133_2160,0,5,5,0.669,0.9612,0.7091,False,0.666,0.036,0.666,0.83,0.843,0.507,0.83,0.948,0.885,0.752,0.948
000049,91_1269,1,5,0,0.347,0.9786,0.9594,False,0.925,0.899,0.925,0.81,0.812,0.818,0.81,0.974,0.965,0.935,0.974
000049,91_1269,3,5,5,0.605,0.9852,0.1738,False,0.923,0.744,0.923,0.908,0.928,0.901,0.908,0.948,0.918,0.867,0.948
000054,202_1111,0,5,0,0.226,0.9744,0.8732,False,0.893,0.467,0.893,0.916,0.92,0.916,0.916,0.976,0.819,0.682,0.976
000055,649_1717,1,5,5,0.829,0.9744,0.593,False,0.843,0.816,0.843,0.874,0.904,0.868,0.874,0.991,0.941,0.99,0.991
000055,649_1717,5,5,5,0.592,0.9606,0.5381,False,0.733,0.056,0.733,0.9,0.928,0.584,0.9,0.979,0.941,0.667,0.979
000057,38_1057,2,5,0,0.317,0.9349,0.8281,False,0.855,0.674,0.855,0.876,0.883,0.904,0.876,0.946,0.87,0.73,0.946
000059,164_422,0,5,5,0.809,0.8845,0.6339,False,0.68,0.554,0.68,0.863,0.915,0.918,0.863,0.969,0.932,0.755,0.969
000059,164_422,2,5,0,0.214,0.9793,0.9112,False,0.904,0.849,0.904,0.878,0.878,0.902,0.878,0.933,0.913,0.838,0.933
000059,164_422,3,5,0,0.224,0.9848,0.9115,False,0.823,0.819,0.823,0.787,0.795,0.808,0.787,0.938,0.898,0.903,0.938
000059,164_422,5,5,0,0.24,0.948,0.8833,False,0.703,0.703,0.703,0.897,0.897,0.919,0.897,0.746,0.735,0.713,0.746
