scene,pair,idx,iou_b,action,s2,cov_sam,cov_fix,cov_gt,pur_sam,pur_fix,pur_gt,gain_cov,gain_pur
000048,1133_2160,0,0.666,RESEGMENT,,0.83,0.738,1.0,0.948,0.84,1.0,-0.092,-0.108
000048,1133_2160,1,0.8601,PASS,0.828,0.918,0.918,1.0,0.961,0.961,1.0,0.0,0.0
000048,1133_2160,2,0.7695,PASS,0.911,0.818,0.818,1.0,0.837,0.837,1.0,0.0,0.0
000048,1133_2160,3,0.8119,PASS,0.907,0.911,0.911,1.0,0.938,0.938,1.0,0.0,0.0
000048,1133_2160,4,0.792,PASS,0.896,0.784,0.784,1.0,0.933,0.933,1.0,0.0,0.0
000049,91_1269,0,0.9348,PASS,0.819,0.907,0.907,1.0,0.993,0.993,1.0,0.0,0.0
000049,91_1269,1,0.9254,RESEGMENT,0.444,0.81,0.604,1.0,0.974,0.726,1.0,-0.206,-0.248
000049,91_1269,3,0.9229,RESEGMENT,0.694,0.908,0.833,1.0,0.948,0.813,1.0,-0.074,-0.135
000050,751_1874,0,0.8872,PASS,0.934,0.968,0.968,1.0,0.942,0.942,1.0,0.0,0.0
000050,751_1874,2,0.9389,PASS,0.876,0.945,0.945,1.0,0.981,0.981,1.0,0.0,0.0
000050,751_1874,3,0.9352,PASS,0.864,0.929,0.929,1.0,0.964,0.964,1.0,0.0,0.0
000050,751_1874,4,0.9172,PASS,0.91,0.896,0.896,1.0,0.962,0.962,1.0,0.0,0.0
000051,240_1927,0,0.9012,PASS,0.918,0.942,0.942,1.0,0.992,0.992,1.0,0.0,0.0
000051,240_1927,1,0.9438,PASS,0.882,0.908,0.908,1.0,0.99,0.99,1.0,0.0,0.0
000051,240_1927,2,0.9005,PASS,0.871,0.913,0.913,1.0,0.977,0.977,1.0,0.0,0.0
000051,240_1927,3,0.8226,PASS,0.946,0.962,0.962,1.0,0.985,0.985,1.0,0.0,0.0
000051,240_1927,4,0.764,PASS,0.745,0.834,0.834,1.0,0.831,0.831,1.0,0.0,0.0
000052,48_516,0,0.9469,PASS,0.976,0.971,0.971,1.0,0.996,0.996,1.0,0.0,0.0
000052,48_516,1,0.96,PASS,0.806,0.92,0.92,1.0,0.968,0.968,1.0,0.0,0.0
000052,48_516,2,0.9086,PASS,0.983,0.957,0.957,1.0,0.991,0.991,1.0,0.0,0.0
000053,1_479,0,0.9031,PASS,0.875,0.933,0.933,1.0,0.96,0.96,1.0,0.0,0.0
000053,1_479,1,0.9154,PASS,0.95,0.949,0.949,1.0,0.963,0.963,1.0,0.0,0.0
000053,1_479,2,0.9053,PASS,0.982,0.899,0.899,1.0,0.974,0.974,1.0,0.0,0.0
000054,202_1111,0,0.8935,RESEGMENT,,0.916,0.356,1.0,0.976,0.561,1.0,-0.559,-0.414
000054,202_1111,1,0.9249,PASS,0.949,0.89,0.89,1.0,0.974,0.974,1.0,0.0,0.0
000054,202_1111,2,0.9592,PASS,0.981,0.954,0.954,1.0,0.98,0.98,1.0,0.0,0.0
000054,202_1111,3,0.8762,PASS,0.952,0.915,0.915,1.0,0.965,0.965,1.0,0.0,0.0
000054,202_1111,4,0.8932,PASS,0.92,0.898,0.898,1.0,0.893,0.893,1.0,0.0,0.0
000055,649_1717,0,0.9406,PASS,0.958,0.936,0.936,1.0,0.991,0.991,1.0,0.0,0.0
000055,649_1717,1,0.8427,RESEGMENT,,0.874,0.896,1.0,0.991,0.904,1.0,0.022,-0.086
000055,649_1717,2,0.9214,PASS,0.927,0.95,0.95,1.0,0.989,0.989,1.0,0.0,0.0
000055,649_1717,3,0.8111,PASS,0.907,0.957,0.957,1.0,0.932,0.932,1.0,0.0,0.0
000055,649_1717,4,0.9162,PASS,0.955,0.927,0.927,1.0,0.97,0.97,1.0,0.0,0.0
000055,649_1717,5,0.7331,RESEGMENT,,0.9,0.697,1.0,0.979,0.893,1.0,-0.202,-0.086
000056,143_956,0,0.9539,PASS,0.796,0.958,0.958,1.0,0.982,0.982,1.0,0.0,0.0
000056,143_956,1,0.8782,PASS,0.756,0.944,0.944,1.0,0.928,0.928,1.0,0.0,0.0
000056,143_956,2,0.9398,PASS,0.928,0.964,0.964,1.0,0.98,0.98,1.0,0.0,0.0
000056,143_956,3,0.8644,PASS,0.939,0.939,0.939,1.0,0.981,0.981,1.0,0.0,0.0
000057,38_1057,0,0.8711,PASS,0.917,0.939,0.939,1.0,0.978,0.978,1.0,0.0,0.0
000057,38_1057,1,0.9326,PASS,0.881,0.958,0.958,1.0,0.973,0.973,1.0,0.0,0.0
000057,38_1057,2,0.8547,RESEGMENT,0.321,0.876,0.809,1.0,0.946,0.601,1.0,-0.067,-0.345
000057,38_1057,3,0.8674,PASS,0.868,0.845,0.845,1.0,0.886,0.886,1.0,0.0,0.0
000057,38_1057,4,0.9369,PASS,0.72,0.909,0.909,1.0,0.976,0.976,1.0,0.0,0.0
000058,617_1549,0,0.9181,PASS,0.883,0.923,0.923,1.0,0.976,0.976,1.0,0.0,0.0
000058,617_1549,1,0.8765,PASS,0.787,0.851,0.851,1.0,0.984,0.984,1.0,0.0,0.0
000058,617_1549,2,0.941,PASS,0.812,0.939,0.939,1.0,0.996,0.996,1.0,0.0,0.0
000058,617_1549,3,0.9257,PASS,0.947,0.962,0.962,1.0,0.995,0.995,1.0,0.0,0.0
000059,164_422,0,0.6801,RESEGMENT,,0.863,0.797,1.0,0.969,0.858,1.0,-0.066,-0.11
000059,164_422,1,0.8563,PASS,0.854,0.921,0.921,1.0,0.943,0.943,1.0,0.0,0.0
000059,164_422,2,0.9043,RESEGMENT,0.528,0.878,0.777,1.0,0.933,0.723,1.0,-0.101,-0.211
000059,164_422,3,0.8228,RESEGMENT,0.56,0.787,0.656,1.0,0.938,0.737,1.0,-0.131,-0.201
000059,164_422,4,0.8759,PASS,0.914,0.919,0.919,1.0,0.933,0.933,1.0,0.0,0.0
000059,164_422,5,0.7028,RESEGMENT,0.427,0.897,0.7,1.0,0.746,0.531,1.0,-0.197,-0.215
