scene,fb,idx,label,iou,stability
000048,2160,0,split,0.666,0.9957
000048,2160,1,sticky,0.8601,0.9976
000048,2160,2,dirty,0.7695,0.9968
000048,2160,3,sticky,0.8119,0.9679
000048,2160,4,dirty,0.792,0.9959
000048,1137,0,split,0.6955,0.9968
000048,1137,1,sticky,0.908,0.9969
000048,1137,2,sticky,0.7977,0.9958
000048,1137,3,dirty,0.8064,0.9916
000048,1137,4,clean,0.8539,0.9923
000048,1597,0,split,0.6627,0.9896
000048,1597,1,sticky,0.9212,0.9982
000048,1597,2,sticky,0.8391,0.9951
000048,1597,3,dirty,0.8549,0.9914
000049,1269,0,clean,0.9348,0.9983
000049,1269,1,clean,0.9254,0.9993
000049,1269,3,clean,0.9229,0.9986
000049,1179,0,clean,0.9386,0.9986
000049,1179,1,clean,0.9442,0.9988
000049,1179,3,clean,0.9255,0.9994
000049,1491,0,clean,0.9319,0.9984
000049,1491,1,dirty,0.8697,0.9979
000049,1491,3,dirty,0.8981,0.999
000050,1874,0,dirty,0.8872,0.9993
000050,1874,2,clean,0.9389,0.9981
000050,1874,3,dirty,0.9352,0.9944
000050,1874,4,clean,0.9172,0.9497
000050,1324,0,dirty,0.884,0.9989
000050,1324,2,clean,0.9432,0.9989
000050,1324,3,clean,0.9541,0.999
000050,1324,4,clean,0.9104,0.9983
000051,1927,0,sticky,0.9012,0.8795
000051,1927,1,clean,0.9438,0.9958
000051,1927,2,dirty,0.9005,0.9988
000051,1927,4,dirty,0.764,0.3305
000051,1927,0,sticky,0.9012,0.9979
000051,1927,1,clean,0.9438,0.995
000051,1927,2,dirty,0.9005,0.9989
000051,1927,4,dirty,0.764,0.34
000051,1729,0,sticky,0.9002,0.9981
000051,1729,1,clean,0.9472,0.935
000051,1729,2,dirty,0.8978,0.9988
000051,1729,4,dirty,0.7429,0.9184
000052,516,0,clean,0.9469,0.9992
000052,516,1,sticky,0.96,0.9979
000052,516,2,clean,0.9086,0.9977
000052,742,0,clean,0.9393,0.9966
000052,742,1,sticky,0.9578,0.9985
000052,742,2,clean,0.9212,0.9936
000052,886,0,dirty,0.8997,0.999
000052,886,1,sticky,0.9639,0.9981
000052,886,2,clean,0.9302,0.9794
000053,479,0,clean,0.9031,0.999
000053,479,1,clean,0.9154,0.9982
000053,479,2,clean,0.9053,0.9982
000053,716,0,sticky,0.9159,0.9883
000053,716,1,dirty,0.8758,0.9986
000053,716,2,split,0.7052,0.9708
000053,434,0,clean,0.9241,0.9986
000053,434,1,clean,0.9061,0.9984
000053,434,2,clean,0.9351,0.9983
000054,1111,0,clean,0.8935,0.9968
000054,1111,1,clean,0.9249,0.9992
000054,1111,2,clean,0.9592,0.9986
000054,1111,3,clean,0.8762,0.991
000054,1111,4,clean,0.8932,0.9965
000054,1663,0,dirty,0.9387,0.9916
000054,1663,1,clean,0.9335,0.9991
000054,1663,2,clean,0.954,0.9984
000054,1663,4,dirty,0.7978,0.9924
000054,1355,0,clean,0.9244,0.9924
000054,1355,1,clean,0.9383,0.9991
000054,1355,2,clean,0.9594,0.9277
000054,1355,4,dirty,0.8625,0.997
000055,1717,0,clean,0.9406,0.9977
000055,1717,2,dirty,0.9214,0.9989
000055,1717,3,dirty,0.8111,0.9967
000055,1717,4,clean,0.9162,0.9985
000055,1717,5,split,0.7331,0.9893
000055,1717,0,clean,0.9406,0.9976
000055,1717,2,dirty,0.9214,0.9987
000055,1717,3,dirty,0.8111,0.9964
000055,1717,4,clean,0.9162,0.9985
000055,1717,5,split,0.7331,0.9901
000055,1717,0,clean,0.9406,0.9986
000055,1717,2,dirty,0.9214,0.9986
000055,1717,3,dirty,0.8111,0.9854
000055,1717,4,clean,0.9162,0.9979
000055,1717,5,split,0.7331,0.9897
000056,956,0,clean,0.9539,0.8936
000056,956,1,dirty,0.8782,0.998
000056,956,2,clean,0.9398,0.9963
000056,956,3,dirty,0.8644,0.9901
000056,956,0,clean,0.9539,0.9992
000056,956,1,dirty,0.8782,0.9989
000056,956,2,clean,0.9398,0.9985
000056,956,3,dirty,0.8644,0.998
000056,522,0,clean,0.9583,0.9986
000056,522,1,dirty,0.9063,0.999
000056,522,2,clean,0.9484,0.9832
000056,522,3,dirty,0.8583,0.9698
000057,1057,0,dirty,0.8711,0.9985
000057,1057,1,dirty,0.9326,0.9976
000057,1057,2,dirty,0.8547,0.9882
000057,1057,3,dirty,0.8674,0.9911
000057,1057,4,clean,0.9369,0.9984
000057,1066,0,dirty,0.8813,0.9987
000057,1066,1,clean,0.9383,0.9727
000057,1066,2,clean,0.9116,0.9719
000057,1066,3,dirty,0.8582,0.9951
000057,1066,4,clean,0.9478,0.9981
000057,844,0,dirty,0.7966,0.9993
000057,844,1,dirty,0.8934,0.9989
000057,844,2,dirty,0.6651,0.9968
000057,844,3,dirty,0.7204,0.9894
000057,844,4,dirty,0.8334,0.9984
000058,1549,0,clean,0.9181,0.9984
000058,1549,1,clean,0.8765,0.9978
000058,1549,2,clean,0.941,0.9989
000058,1549,3,clean,0.9257,0.9982
000058,1549,0,clean,0.9181,0.9969
000058,1549,1,clean,0.8765,0.9977
000058,1549,2,clean,0.941,0.999
000058,1549,3,clean,0.9257,0.9977
000058,1639,0,clean,0.913,0.9951
000058,1639,1,clean,0.8795,0.9981
000058,1639,2,clean,0.9426,0.9993
000058,1639,3,clean,0.9341,0.9603
000059,422,0,split,0.6801,0.9127
000059,422,1,dirty,0.8563,0.9991
000059,422,2,clean,0.9043,0.9995
000059,422,3,sticky,0.8228,0.998
000059,422,4,sticky,0.8759,0.9969
000059,422,5,dirty,0.7028,0.9934
000059,567,0,split,0.7182,0.9177
000059,567,1,dirty,0.9165,0.9986
000059,567,2,clean,0.9472,0.9984
000059,567,3,clean,0.9,0.9982
000059,567,4,sticky,0.8887,0.9964
000059,567,5,dirty,0.864,0.9936
000059,648,1,dirty,0.899,0.9988
000059,648,2,clean,0.9514,0.9983
000059,648,3,clean,0.9077,0.999
000059,648,4,sticky,0.9095,0.9902
000059,648,5,dirty,0.849,0.9931
