scene,fb,idx,label,iou,conf,s1,n_ref,vote_med,vote_min,vote_p25,severe
000048,36,0,dirty,0.8009,0.9832,unsure,4,0.8653,0.6834,0.8054,False
000048,36,1,sticky,0.9287,0.9763,unsure,4,0.6374,0.352,0.5186,False
000048,36,2,sticky,0.9104,0.9809,unsure,4,0.7911,0.7215,0.7641,False
000048,36,3,dirty,0.7414,0.967,unsure,4,0.8881,0.7465,0.8444,True
000048,36,4,dirty,0.8884,0.9536,unsure,4,0.7764,0.7583,0.7585,False
000048,1133,0,split,0.6953,0.9689,unsure,4,0.9404,0.8951,0.9235,True
000048,1133,1,sticky,0.9319,0.9705,unsure,4,0.8545,0.7434,0.8065,False
000048,1133,2,sticky,0.8352,0.9668,unsure,4,0.9294,0.8038,0.8842,False
000048,1133,3,dirty,0.8172,0.9541,unsure,4,0.9209,0.877,0.8997,False
000048,1133,4,dirty,0.8041,0.937,unsure,4,0.8902,0.881,0.8832,False
000048,1137,0,split,0.6955,0.9689,unsure,4,0.9416,0.8846,0.9139,True
000048,1137,1,sticky,0.908,0.9709,unsure,4,0.8917,0.7007,0.8184,False
000048,1137,2,sticky,0.7977,0.9673,unsure,4,0.9424,0.7784,0.8888,True
000048,1137,3,dirty,0.8064,0.9436,unsure,4,0.9334,0.9002,0.9114,False
000048,1137,4,clean,0.8539,0.9378,unsure,4,0.931,0.7942,0.8891,False
000048,1597,0,split,0.6627,0.9576,unsure,4,0.9238,0.846,0.8863,True
000048,1597,1,sticky,0.9212,0.9683,unsure,4,0.8892,0.5741,0.8046,False
000048,1597,2,sticky,0.8391,0.9694,unsure,4,0.9235,0.7215,0.8548,False
000048,1597,3,dirty,0.8549,0.9541,unsure,4,0.9418,0.7465,0.8874,False
000048,1597,4,low_other,0.7945,0.9226,unsure,4,0.909,0.7583,0.8526,True
000048,2160,0,split,0.666,0.9612,dirty,4,0.9117,0.6834,0.8457,True
000048,2160,1,sticky,0.8601,0.975,unsure,4,0.8426,0.352,0.7087,False
000048,2160,2,dirty,0.7695,0.9708,unsure,4,0.9051,0.8197,0.8793,True
000048,2160,3,sticky,0.8119,0.958,unsure,4,0.9112,0.8992,0.9053,False
000048,2160,4,dirty,0.792,0.955,unsure,4,0.9085,0.7586,0.8619,True
000049,91,0,clean,0.9408,0.9881,unsure,4,0.8189,0.8127,0.817,False
000049,91,1,dirty,0.8588,0.9764,unsure,4,0.4136,0.3311,0.3705,False
000049,91,2,clean,0.9137,0.981,unsure,2,0.9651,0.9575,0.9613,False
000049,91,3,clean,0.8618,0.9751,unsure,4,0.7098,0.6045,0.6717,False
000049,521,0,clean,0.9278,0.9864,unsure,4,0.9441,0.921,0.9268,False
000049,521,1,dirty,0.8571,0.9789,unsure,4,0.7992,0.6628,0.7132,False
000049,521,2,dirty,0.8755,0.9785,unsure,2,0.9559,0.9392,0.9476,False
000049,521,3,clean,0.9143,0.9804,unsure,4,0.8689,0.7532,0.811,False
000049,1179,0,clean,0.9386,0.9864,unsure,4,0.9661,0.8127,0.927,False
000049,1179,1,clean,0.9442,0.9775,unsure,4,0.8669,0.3837,0.7212,False
000049,1179,3,clean,0.9255,0.9852,unsure,4,0.9332,0.7255,0.8784,False
000049,1269,0,clean,0.9348,0.9875,unsure,4,0.9655,0.8194,0.9245,False
000049,1269,1,clean,0.9254,0.9786,unsure,4,0.8788,0.4435,0.7622,False
000049,1269,3,clean,0.9229,0.9852,unsure,4,0.9282,0.6941,0.8542,False
000049,1491,0,clean,0.9319,0.9884,unsure,4,0.9469,0.8184,0.9011,False
000049,1491,1,dirty,0.8697,0.9794,unsure,4,0.7818,0.3311,0.6303,False
000049,1491,2,low_other,0.8115,0.9567,unsure,2,0.9484,0.9392,0.9438,False
000049,1491,3,dirty,0.8981,0.9842,unsure,4,0.8798,0.6045,0.7738,False
000050,620,0,dirty,0.8864,0.9821,unsure,3,0.9142,0.901,0.9076,False
000050,620,2,clean,0.9226,0.9833,unsure,3,0.9102,0.8616,0.8859,False
000050,620,3,clean,0.9315,0.9723,unsure,3,0.8697,0.828,0.8488,False
000050,620,4,clean,0.9094,0.9785,unsure,3,0.921,0.9155,0.9182,False
000050,751,0,clean,0.9134,0.9781,unsure,3,0.9343,0.9259,0.9301,False
000050,751,2,clean,0.9147,0.9766,unsure,3,0.9223,0.8761,0.8992,False
000050,751,3,clean,0.9307,0.9781,unsure,3,0.8637,0.8113,0.8375,False
000050,751,4,clean,0.9108,0.9799,unsure,3,0.9097,0.9078,0.9088,False
000050,1324,0,dirty,0.884,0.9895,unsure,3,0.9259,0.9142,0.92,False
000050,1324,1,clean,0.897,0.9797,unsure,1,0.9877,0.9877,0.9877,False
000050,1324,2,clean,0.9432,0.9902,unsure,3,0.9223,0.9102,0.9163,False
000050,1324,3,clean,0.9541,0.9839,unsure,3,0.828,0.8113,0.8197,False
000050,1324,4,clean,0.9104,0.9851,unsure,3,0.921,0.9078,0.9144,False
000050,1874,0,dirty,0.8872,0.9889,unsure,3,0.9343,0.901,0.9176,False
000050,1874,1,dirty,0.9207,0.9817,unsure,1,0.9877,0.9877,0.9877,False
000050,1874,2,clean,0.9389,0.9904,unsure,3,0.8761,0.8616,0.8688,False
000050,1874,3,dirty,0.9352,0.9827,unsure,3,0.8697,0.8637,0.8667,False
000050,1874,4,clean,0.9172,0.9853,unsure,3,0.9155,0.9097,0.9126,False
000051,116,0,clean,0.916,0.9843,unsure,3,0.8799,0.8263,0.8531,False
000051,116,1,clean,0.9138,0.9805,unsure,3,0.875,0.833,0.854,False
000051,116,2,clean,0.9164,0.9794,unsure,3,0.8425,0.7718,0.8072,False
000051,116,3,dirty,0.9079,0.9876,unsure,3,0.9637,0.9585,0.9611,False
000051,116,4,dirty,0.6933,0.9596,unsure,3,0.6784,0.6473,0.6628,True
000051,240,0,clean,0.9243,0.9834,unsure,3,0.9185,0.8803,0.8994,False
000051,240,1,clean,0.9157,0.9867,unsure,3,0.882,0.809,0.8455,False
000051,240,2,clean,0.92,0.9804,unsure,3,0.8707,0.8329,0.8518,False
000051,240,3,clean,0.9074,0.9863,unsure,3,0.946,0.9372,0.9416,False
000051,240,4,dirty,0.7008,0.9652,unsure,3,0.745,0.6915,0.7183,True
000051,1729,0,sticky,0.9002,0.9847,unsure,3,0.8803,0.8263,0.8533,False
000051,1729,1,clean,0.9472,0.955,dirty,3,0.833,0.809,0.821,False
000051,1729,2,dirty,0.8978,0.9868,unsure,3,0.8329,0.7718,0.8024,False
000051,1729,3,low_other,0.8052,0.9854,unsure,3,0.9585,0.9372,0.9479,False
000051,1729,4,dirty,0.7429,0.7617,unsure,3,0.6915,0.6473,0.6694,True
000051,1927,0,sticky,0.9012,0.9873,unsure,3,0.9185,0.8799,0.8992,False
000051,1927,1,clean,0.9438,0.985,unsure,3,0.882,0.875,0.8785,False
000051,1927,2,dirty,0.9005,0.9893,unsure,3,0.8707,0.8425,0.8566,False
000051,1927,3,low_other,0.8226,0.9885,unsure,3,0.9635,0.946,0.9547,False
000051,1927,4,dirty,0.764,0.7282,unsure,3,0.745,0.6784,0.7117,True
000052,48,0,clean,0.9418,0.9875,unsure,3,0.9625,0.9607,0.9616,False
000052,48,1,sticky,0.9362,0.9828,unsure,3,0.738,0.6417,0.6899,False
000052,48,2,clean,0.9102,0.9891,unsure,3,0.9758,0.968,0.9719,False
000052,516,0,clean,0.9469,0.9899,unsure,3,0.9752,0.969,0.9721,False
000052,516,1,sticky,0.96,0.9818,unsure,3,0.8348,0.8058,0.8203,False
000052,516,2,clean,0.9086,0.9876,unsure,3,0.9873,0.9827,0.985,False
000052,742,0,clean,0.9393,0.9894,unsure,3,0.9752,0.9607,0.968,False
000052,742,1,sticky,0.9578,0.9824,unsure,3,0.9139,0.738,0.8259,False
000052,742,2,clean,0.9212,0.9884,unsure,3,0.9902,0.968,0.9791,False
000052,886,0,dirty,0.8997,0.9899,unsure,3,0.969,0.9625,0.9658,False
000052,886,1,sticky,0.9639,0.981,unsure,3,0.8348,0.6417,0.7382,False
000052,886,2,clean,0.9302,0.9926,unsure,3,0.9873,0.9758,0.9816,False
000053,1,0,clean,0.9058,0.9854,unsure,4,0.8845,0.8686,0.8733,False
000053,1,1,dirty,0.8374,0.9783,unsure,4,0.9477,0.9451,0.9456,False
000053,1,2,clean,0.9081,0.9797,unsure,4,0.9872,0.977,0.9806,False
000053,168,0,clean,0.9229,0.9819,unsure,4,0.8856,0.8639,0.8693,False
000053,168,1,dirty,0.8322,0.9781,unsure,4,0.9534,0.9436,0.9506,False
000053,168,2,clean,0.9399,0.9837,unsure,4,0.9807,0.9722,0.9749,False
000053,434,0,clean,0.9241,0.983,unsure,4,0.9318,0.8942,0.8986,False
000053,434,1,clean,0.9061,0.983,unsure,4,0.9636,0.9457,0.9519,False
000053,434,2,clean,0.9351,0.9834,unsure,4,0.9891,0.9765,0.9834,False
000053,479,0,clean,0.9031,0.9853,unsure,4,0.9214,0.8711,0.8739,False
000053,479,1,clean,0.9154,0.9842,unsure,4,0.9549,0.9436,0.9481,False
000053,479,2,clean,0.9053,0.9808,unsure,4,0.977,0.9721,0.9722,False
000053,716,0,sticky,0.9159,0.9862,unsure,4,0.9161,0.8639,0.8674,False
000053,716,1,dirty,0.8758,0.9849,unsure,4,0.9565,0.9451,0.9509,False
000053,716,2,split,0.7052,0.9761,unsure,4,0.9761,0.9721,0.9748,True
000054,202,0,low_other,0.8099,0.9369,unsure,3,0.8126,0.7978,0.8052,False
000054,202,1,clean,0.9033,0.9874,unsure,3,0.8789,0.8721,0.8755,False
000054,202,2,clean,0.9016,0.9868,unsure,3,0.9603,0.9426,0.9515,False
000054,202,3,low_other,0.8463,0.9581,unsure,3,0.9356,0.909,0.9223,False
000054,202,4,dirty,0.8304,0.9608,unsure,3,0.7714,0.6484,0.7099,False
000054,1111,0,clean,0.8935,0.9744,dirty,3,0.9621,0.8126,0.8873,False
000054,1111,1,clean,0.9249,0.9904,unsure,3,0.914,0.8991,0.9065,False
000054,1111,2,clean,0.9592,0.9902,unsure,3,0.9668,0.9666,0.9667,False
000054,1111,3,clean,0.8762,0.9079,unsure,3,0.925,0.9128,0.9189,False
000054,1111,4,clean,0.8932,0.9671,unsure,3,0.8226,0.7562,0.7894,False
000054,1355,0,clean,0.9244,0.9759,dirty,3,0.966,0.7978,0.8819,False
000054,1355,1,clean,0.9383,0.9882,unsure,3,0.914,0.8789,0.8964,False
000054,1355,2,clean,0.9594,0.9905,unsure,3,0.9668,0.9426,0.9547,False
000054,1355,3,low_other,0.8026,0.9471,unsure,3,0.9128,0.909,0.9109,False
000054,1355,4,dirty,0.8625,0.9641,unsure,3,0.7725,0.7714,0.7719,False
000054,1663,0,dirty,0.9387,0.9871,unsure,3,0.9652,0.9621,0.9637,False
000054,1663,1,clean,0.9335,0.9883,unsure,3,0.8991,0.8721,0.8856,False
000054,1663,2,clean,0.954,0.9895,unsure,3,0.9666,0.9603,0.9635,False
000054,1663,3,low_other,0.8022,0.9296,unsure,3,0.9356,0.925,0.9303,False
000054,1663,4,dirty,0.7978,0.9549,unsure,3,0.7562,0.6484,0.7023,True
000055,100,0,clean,0.9074,0.9885,unsure,3,0.9557,0.9222,0.939,False
000055,100,1,clean,0.8588,0.9781,unsure,3,0.9405,0.7193,0.8299,False
000055,100,2,clean,0.9075,0.9785,unsure,3,0.9708,0.8989,0.9349,False
000055,100,3,dirty,0.8086,0.9679,unsure,3,0.9544,0.8548,0.9046,False
000055,100,4,clean,0.8878,0.9749,unsure,3,0.9837,0.9504,0.9671,False
000055,100,5,clean,0.8533,0.9795,unsure,3,0.9852,0.9579,0.9715,False
000055,512,0,clean,0.9176,0.9863,unsure,3,0.9801,0.9548,0.9675,False
000055,512,1,clean,0.8707,0.979,unsure,3,0.9608,0.8077,0.8842,False
000055,512,2,clean,0.9256,0.9807,unsure,3,0.9698,0.918,0.9439,False
000055,512,3,low_other,0.7937,0.9608,unsure,3,0.9544,0.8971,0.9257,True
000055,512,4,clean,0.8974,0.983,unsure,3,0.9855,0.9436,0.9645,False
000055,512,5,clean,0.8642,0.9836,unsure,3,0.9852,0.9284,0.9568,False
000055,649,0,clean,0.9204,0.9861,unsure,3,0.9585,0.9557,0.9571,False
000055,649,1,clean,0.874,0.979,unsure,3,0.9405,0.8604,0.9004,False
000055,649,2,clean,0.9348,0.9821,unsure,3,0.9698,0.9275,0.9486,False
000055,649,3,low_other,0.8159,0.968,unsure,3,0.9651,0.9072,0.9361,False
000055,649,4,clean,0.9072,0.9807,unsure,3,0.9837,0.9545,0.9691,False
000055,649,5,clean,0.8645,0.9856,unsure,3,0.988,0.9401,0.964,False
000055,1717,0,clean,0.9406,0.985,unsure,3,0.9548,0.9222,0.9385,False
000055,1717,1,low_other,0.8427,0.9744,dirty,3,0.8077,0.7193,0.7635,False
000055,1717,2,dirty,0.9214,0.9847,unsure,3,0.918,0.8989,0.9085,False
000055,1717,3,dirty,0.8111,0.9787,unsure,3,0.8971,0.8548,0.8759,False
000055,1717,4,clean,0.9162,0.9773,unsure,3,0.9504,0.9436,0.947,False
000055,1717,5,split,0.7331,0.9606,dirty,3,0.9401,0.9284,0.9343,True
000056,143,0,clean,0.9394,0.9848,unsure,3,0.9236,0.7956,0.8596,False
000056,143,1,clean,0.9182,0.9751,unsure,3,0.8539,0.756,0.8049,False
000056,143,2,clean,0.9455,0.9855,unsure,3,0.9527,0.9282,0.9405,False
000056,143,3,low_other,0.8367,0.9702,unsure,3,0.9807,0.9386,0.9596,False
000056,254,0,clean,0.9398,0.9855,unsure,3,0.9463,0.8366,0.8915,False
000056,254,1,dirty,0.9082,0.9742,unsure,3,0.9414,0.8201,0.8808,False
000056,254,2,clean,0.9424,0.9843,unsure,3,0.9701,0.9452,0.9576,False
000056,254,3,clean,0.8621,0.9724,unsure,3,0.9881,0.9549,0.9715,False
000056,522,0,clean,0.9583,0.9876,unsure,3,0.9269,0.9236,0.9252,False
000056,522,1,dirty,0.9063,0.9718,unsure,3,0.9344,0.8539,0.8942,False
000056,522,2,clean,0.9484,0.9874,unsure,3,0.9701,0.9527,0.9614,False
000056,522,3,dirty,0.8583,0.975,unsure,3,0.9807,0.9658,0.9733,False
000056,956,0,clean,0.9539,0.9872,unsure,3,0.8366,0.7956,0.8161,False
000056,956,1,dirty,0.8782,0.9739,unsure,3,0.8201,0.756,0.788,False
000056,956,2,clean,0.9398,0.9917,unsure,3,0.9452,0.9282,0.9367,False
000056,956,3,dirty,0.8644,0.9789,unsure,3,0.9549,0.9386,0.9468,False
000057,24,0,dirty,0.9211,0.9855,unsure,4,0.9096,0.8673,0.872,False
000057,24,1,dirty,0.874,0.98,unsure,4,0.9003,0.8778,0.8837,False
000057,24,2,sticky,0.6978,0.9357,unsure,4,0.478,0.0831,0.1921,True
000057,24,3,dirty,0.7174,0.9504,unsure,4,0.7871,0.676,0.7424,True
000057,24,4,dirty,0.7925,0.9573,dirty,4,0.7333,0.6638,0.6843,True
000057,38,0,clean,0.9301,0.9845,unsure,4,0.9285,0.9026,0.9136,False
000057,38,1,dirty,0.9018,0.9812,unsure,4,0.8992,0.8715,0.879,False
000057,38,2,sticky,0.8411,0.9398,unsure,4,0.5757,0.1713,0.2834,False
000057,38,3,dirty,0.7085,0.9556,unsure,4,0.8429,0.7281,0.7955,True
000057,38,4,low_other,0.8025,0.9559,unsure,4,0.756,0.6819,0.7105,False
000057,844,0,dirty,0.7966,0.9875,unsure,4,0.9287,0.9137,0.9168,True
000057,844,1,dirty,0.8934,0.9892,unsure,4,0.9092,0.8989,0.9025,False
000057,844,2,dirty,0.6651,0.9481,unsure,4,0.8024,0.7276,0.7625,True
000057,844,3,dirty,0.7204,0.9502,unsure,4,0.8182,0.676,0.7151,True
000057,844,4,dirty,0.8334,0.9709,unsure,4,0.8374,0.7754,0.7878,False
000057,1057,0,dirty,0.8711,0.9852,unsure,4,0.9175,0.8673,0.9048,False
000057,1057,1,dirty,0.9326,0.9893,unsure,4,0.8947,0.8815,0.8847,False
000057,1057,2,dirty,0.8547,0.9349,unsure,4,0.5803,0.2284,0.2977,False
000057,1057,3,dirty,0.8674,0.9486,unsure,4,0.9054,0.8098,0.8532,False
000057,1057,4,clean,0.9369,0.9771,unsure,4,0.8094,0.6912,0.7128,False
000057,1066,0,dirty,0.8813,0.9853,unsure,4,0.9082,0.8735,0.8953,False
000057,1066,1,clean,0.9383,0.9891,unsure,4,0.8883,0.8715,0.8762,False
000057,1066,2,clean,0.9116,0.9427,unsure,4,0.4727,0.0831,0.1492,False
000057,1066,3,dirty,0.8582,0.9484,unsure,4,0.8632,0.7645,0.8046,False
000057,1066,4,clean,0.9478,0.9782,unsure,4,0.7823,0.6638,0.6774,False
000058,444,0,clean,0.9053,0.9845,unsure,4,0.9043,0.8645,0.8667,False
000058,444,1,clean,0.853,0.9765,unsure,4,0.8333,0.7431,0.7502,False
000058,444,2,clean,0.9302,0.9821,unsure,4,0.8592,0.776,0.7858,False
000058,444,3,clean,0.939,0.984,unsure,4,0.9599,0.9466,0.9479,False
000058,583,0,clean,0.9096,0.9829,unsure,4,0.9371,0.9218,0.9228,False
000058,583,1,sticky,0.8808,0.9783,unsure,4,0.874,0.8047,0.8065,False
000058,583,2,clean,0.9347,0.9809,unsure,4,0.8895,0.8292,0.8318,False
000058,583,3,clean,0.9388,0.9837,unsure,4,0.9736,0.9688,0.9702,False
000058,617,0,clean,0.8977,0.9796,unsure,4,0.9167,0.8828,0.8899,False
000058,617,1,clean,0.8694,0.9785,unsure,4,0.8508,0.7872,0.7874,False
000058,617,2,clean,0.9524,0.9814,unsure,4,0.8733,0.8123,0.8161,False
000058,617,3,clean,0.9409,0.9839,unsure,4,0.9592,0.9412,0.9455,False
000058,1549,0,clean,0.9181,0.9892,unsure,4,0.903,0.8645,0.8782,False
000058,1549,1,clean,0.8765,0.9851,unsure,4,0.7973,0.7525,0.7787,False
000058,1549,2,clean,0.941,0.9843,unsure,4,0.8208,0.776,0.8032,False
000058,1549,3,clean,0.9257,0.9858,unsure,4,0.9579,0.9466,0.9468,False
000058,1639,0,clean,0.913,0.9865,unsure,4,0.9071,0.8675,0.8861,False
000058,1639,1,clean,0.8795,0.9832,unsure,4,0.796,0.7431,0.7762,False
000058,1639,2,clean,0.9426,0.9842,unsure,4,0.825,0.7891,0.8103,False
000058,1639,3,clean,0.9341,0.9842,unsure,4,0.9595,0.9412,0.9466,False
000059,164,0,dirty,0.7902,0.9753,unsure,4,0.845,0.8041,0.817,True
000059,164,1,sticky,0.8942,0.9809,unsure,4,0.8349,0.7866,0.8087,False
000059,164,2,clean,0.8991,0.9733,unsure,4,0.411,0.2866,0.2919,False
000059,164,3,sticky,0.6443,0.9546,unsure,4,0.4943,0.3877,0.4183,True
000059,164,4,sticky,0.8053,0.9159,unsure,4,0.8959,0.8768,0.8773,False
000059,164,5,dirty,0.8129,0.9284,unsure,4,0.2412,0.0428,0.0523,False
000059,274,0,dirty,0.7632,0.9444,unsure,4,0.826,0.7638,0.7936,True
000059,274,1,clean,0.9271,0.983,unsure,4,0.9122,0.8836,0.8961,False
000059,274,2,sticky,0.9127,0.9713,unsure,4,0.6641,0.5436,0.5608,False
000059,274,3,sticky,0.7762,0.9761,unsure,4,0.7886,0.7563,0.7734,True
000059,274,4,sticky,0.8421,0.969,unsure,4,0.9362,0.9152,0.9204,False
000059,274,5,dirty,0.8763,0.9301,unsure,4,0.5262,0.3237,0.3589,False
000059,422,0,split,0.6801,0.8845,dirty,4,0.847,0.8035,0.8169,True
000059,422,1,dirty,0.8563,0.9839,unsure,4,0.9113,0.8537,0.8948,False
000059,422,2,clean,0.9043,0.9793,unsure,4,0.6774,0.5283,0.6266,False
000059,422,3,sticky,0.8228,0.9848,unsure,4,0.8553,0.5602,0.7754,False
000059,422,4,sticky,0.8759,0.9744,unsure,4,0.9401,0.9143,0.9298,False
000059,422,5,dirty,0.7028,0.948,unsure,4,0.5871,0.4269,0.546,True
000059,567,0,split,0.7182,0.8846,dirty,4,0.8653,0.8486,0.8585,True
000059,567,1,dirty,0.9165,0.9814,unsure,4,0.9071,0.8161,0.8793,False
000059,567,2,clean,0.9472,0.9804,unsure,4,0.631,0.2937,0.4984,False
000059,567,3,clean,0.9,0.9828,unsure,4,0.8213,0.4284,0.6914,False
000059,567,4,sticky,0.8887,0.9755,unsure,4,0.9302,0.8775,0.9058,False
000059,567,5,dirty,0.864,0.9447,unsure,4,0.4561,0.0555,0.2567,False
000059,648,0,low_other,0.6465,0.9401,dirty,4,0.8329,0.7638,0.794,True
000059,648,1,dirty,0.899,0.9862,unsure,4,0.896,0.7866,0.8593,False
000059,648,2,clean,0.9514,0.9793,unsure,4,0.6015,0.2866,0.4794,False
000059,648,3,clean,0.9077,0.9856,unsure,4,0.8017,0.3877,0.6641,False
000059,648,4,sticky,0.9095,0.9722,unsure,4,0.9286,0.8768,0.9108,False
000059,648,5,dirty,0.849,0.9395,unsure,4,0.4782,0.0428,0.2887,False
