scene,frame,idx,label,iou,score
000002,153,0,dirty,0.8994,0.9416
000002,153,1,dirty,0.879,0.9603
000002,153,2,dirty,0.855,0.9279
000002,153,3,dirty,0.7569,0.9346
000002,153,5,dirty,0.7258,0.7888
000002,153,6,dirty,0.7039,0.9598
000002,473,0,dirty,0.8717,0.9431
000002,473,1,clean,0.8986,0.9008
000002,473,2,dirty,0.6994,0.8196
000002,473,3,clean,0.867,0.9493
000002,473,4,dirty,0.9153,0.9631
000002,473,5,dirty,0.597,0.9682
000002,473,6,dirty,0.8023,0.94
000002,473,7,dirty,0.8059,0.9608
000002,679,0,dirty,0.8018,0.9296
000002,679,1,dirty,0.7831,0.8973
000002,679,2,dirty,0.7209,0.9273
000002,679,3,clean,0.9028,0.9757
000002,679,4,dirty,0.8722,0.9612
000002,679,5,dirty,0.8675,0.9748
000002,679,6,clean,0.8899,0.9728
000002,785,0,dirty,0.8603,0.9549
000002,785,1,dirty,0.763,0.934
000002,785,2,sticky,0.617,0.7535
000002,785,3,clean,0.8529,0.8761
000002,785,4,dirty,0.9036,0.9627
000002,785,5,dirty,0.6618,0.9659
000002,785,6,dirty,0.5045,0.9286
000002,785,7,dirty,0.8256,0.9299
000002,804,0,dirty,0.6788,0.7824
000002,804,1,dirty,0.7906,0.8778
000002,804,2,dirty,0.7174,0.9176
000002,804,3,dirty,0.8066,0.8329
000002,804,4,dirty,0.8263,0.9445
000002,804,5,dirty,0.8843,0.9655
000002,804,6,dirty,0.9099,0.9582
000002,804,7,dirty,0.692,0.9509
