scene,fa,fb,idx,label,s1,s2,action,pred,correct
000001,1,364,0,clean,unsure,0.9033,PASS,False,True
000001,1,364,1,dirty,unsure,0.9363,PASS,False,False
000001,1,364,2,clean,unsure,0.9126,PASS,False,True
000001,1,364,3,dirty,unsure,0.8949,PASS,False,False
000001,1,292,0,clean,unsure,0.8933,PASS,False,True
000001,1,292,1,dirty,unsure,0.8933,PASS,False,False
000001,1,292,2,clean,unsure,0.7662,PASS,False,True
000001,1,292,3,clean,unsure,0.8987,PASS,False,True
000001,1,220,0,dirty,unsure,0.7947,PASS,False,False
000001,1,220,1,dirty,unsure,0.8561,PASS,False,False
000001,1,220,2,clean,unsure,0.7235,PASS,False,True
000001,1,220,3,dirty,unsure,0.8337,PASS,False,False
000002,65,423,0,clean,unsure,0.935,PASS,False,True
000002,65,423,1,clean,unsure,0.9281,PASS,False,True
000002,65,423,2,clean,unsure,0.9574,PASS,False,True
000002,3,295,0,clean,unsure,0.9094,PASS,False,True
000002,3,295,1,clean,unsure,0.864,PASS,False,True
000002,3,295,2,clean,unsure,0.9502,PASS,False,True
000002,142,358,0,clean,unsure,0.9096,PASS,False,True
000002,142,358,1,clean,unsure,0.9136,PASS,False,True
000002,142,358,2,clean,unsure,0.9054,PASS,False,True
000003,69,428,0,dirty,unsure,0.9714,PASS,False,False
000003,69,428,1,clean,unsure,0.7454,PASS,False,True
000003,69,428,2,dirty,unsure,0.9395,PASS,False,False
000003,69,428,3,clean,unsure,0.931,PASS,False,True
000003,69,428,4,clean,unsure,0.9477,PASS,False,True
000003,10,302,0,dirty,unsure,0.9547,PASS,False,False
000003,10,302,1,clean,unsure,0.9179,PASS,False,True
000003,10,302,4,clean,unsure,0.9733,PASS,False,True
000003,69,216,0,dirty,unsure,0.7632,PASS,False,False
000003,69,216,1,clean,unsure,0.7691,PASS,False,True
000003,69,216,2,dirty,unsure,0.6502,REGENERATE,True,True
000003,69,216,3,dirty,unsure,0.8254,PASS,False,False
000003,69,216,4,clean,unsure,0.8833,PASS,False,True
000004,66,427,0,clean,unsure,0.9871,PASS,False,True
000004,66,427,1,clean,unsure,0.2969,REGENERATE,True,False
000004,66,427,2,clean,unsure,0.9716,PASS,False,True
000004,66,427,3,dirty,unsure,0.9237,PASS,False,False
000004,0,292,0,clean,unsure,0.9349,PASS,False,True
000004,0,292,1,clean,unsure,0.508,REGENERATE,True,False
000004,0,292,2,clean,unsure,0.8684,PASS,False,True
000004,0,292,3,clean,unsure,0.9613,PASS,False,True
000004,215,427,0,clean,unsure,0.908,PASS,False,True
000004,215,427,1,clean,unsure,0.7909,PASS,False,True
000004,215,427,2,clean,unsure,0.9294,PASS,False,True
000004,215,427,3,dirty,unsure,0.9283,PASS,False,False
000005,64,423,1,dirty,unsure,0.8407,PASS,False,False
000005,64,423,2,clean,unsure,0.953,PASS,False,True
000005,64,423,3,clean,unsure,0.9569,PASS,False,True
000005,64,423,4,clean,unsure,0.2584,REGENERATE,True,False
000005,70,290,0,clean,unsure,0.8816,PASS,False,True
000005,70,290,1,clean,unsure,0.9294,PASS,False,True
000005,70,290,2,dirty,unsure,0.6405,REGENERATE,True,True
000005,70,290,3,dirty,unsure,0.9017,PASS,False,False
000005,70,290,4,clean,unsure,0.6362,REGENERATE,True,False
000005,64,280,0,clean,unsure,0.5697,REGENERATE,True,False
000005,64,280,1,dirty,unsure,0.8741,PASS,False,False
000005,64,280,2,clean,unsure,0.7977,PASS,False,True
000005,64,280,3,clean,unsure,0.8868,PASS,False,True
000005,64,280,4,clean,unsure,0.6228,REGENERATE,True,False
000006,2,361,0,clean,unsure,0.8761,PASS,False,True
000006,2,361,1,clean,unsure,0.3246,REGENERATE,True,False
000006,2,361,2,dirty,unsure,0.9271,PASS,False,False
000006,2,361,3,dirty,unsure,0.933,PASS,False,False
000006,2,361,4,dirty,unsure,0.9665,PASS,False,False
000006,2,289,0,clean,unsure,0.7977,PASS,False,True
000006,2,289,2,dirty,unsure,0.9329,PASS,False,False
000006,2,289,3,clean,unsure,0.8988,PASS,False,True
000006,2,289,4,dirty,unsure,0.8381,PASS,False,False
000006,72,289,0,clean,unsure,0.8473,PASS,False,True
000006,72,289,2,dirty,unsure,0.9087,PASS,False,False
000006,72,289,3,clean,unsure,0.8822,PASS,False,True
000006,72,289,4,dirty,unsure,0.836,PASS,False,False
000007,130,486,2,clean,unsure,0.9274,PASS,False,True
000007,130,486,3,clean,unsure,0.8294,PASS,False,True
000007,130,486,4,dirty,unsure,0.9225,PASS,False,False
000007,130,486,7,dirty,unsure,0.8804,PASS,False,False
000007,207,493,0,dirty,unsure,0.846,PASS,False,False
000007,207,493,1,dirty,unsure,0.8527,PASS,False,False
000007,207,493,2,sticky,unsure,0.7209,PASS,False,False
000007,207,493,3,dirty,unsure,0.9203,PASS,False,False
000007,207,493,4,dirty,unsure,0.7854,PASS,False,False
000007,207,493,5,dirty,unsure,0.8186,PASS,False,False
000007,207,493,6,split,dirty,,RESEGMENT,True,True
000007,207,493,7,split,unsure,0.8338,PASS,False,False
000007,219,435,0,dirty,unsure,0.7193,PASS,False,False
000007,219,435,1,dirty,unsure,0.7608,PASS,False,False
000007,219,435,2,dirty,unsure,0.789,PASS,False,False
000007,219,435,3,dirty,unsure,0.8095,PASS,False,False
000007,219,435,4,dirty,unsure,0.7798,PASS,False,False
000007,219,435,5,clean,unsure,0.8426,PASS,False,True
000007,219,435,6,dirty,unsure,0.689,REGENERATE,True,True
000008,68,360,0,clean,unsure,0.8906,PASS,False,True
000008,68,360,1,dirty,split,,RESEGMENT,True,True
000008,68,360,2,clean,unsure,0.9298,PASS,False,True
000008,68,360,3,clean,unsure,0.8841,PASS,False,True
000008,68,360,4,clean,unsure,0.898,PASS,False,True
000008,68,360,5,clean,unsure,0.8438,PASS,False,True
000008,68,288,0,clean,unsure,0.744,PASS,False,True
000008,68,288,1,dirty,unsure,0.4277,REGENERATE,True,True
000008,68,288,2,dirty,unsure,0.9038,PASS,False,False
000008,68,288,3,clean,unsure,0.8927,PASS,False,True
000008,68,288,4,dirty,unsure,0.8826,PASS,False,False
000008,68,288,5,clean,unsure,0.8899,PASS,False,True
000008,58,272,0,clean,unsure,0.8865,PASS,False,True
000008,58,272,2,clean,unsure,0.8049,PASS,False,True
000008,58,272,3,dirty,unsure,0.727,PASS,False,False
000008,58,272,4,clean,unsure,0.7702,PASS,False,True
000008,58,272,5,dirty,unsure,0.8936,PASS,False,False
000009,70,431,5,split,unsure,0.6871,REGENERATE,True,True
000009,70,431,6,sticky,dirty,,RESEGMENT,True,True
000009,70,431,7,clean,unsure,0.9472,PASS,False,True
000009,70,431,10,dirty,unsure,0.5518,REGENERATE,True,True
000009,70,431,11,dirty,unsure,0.9405,PASS,False,False
000009,70,356,0,clean,unsure,0.4347,REGENERATE,True,False
000009,70,356,1,clean,unsure,0.6034,REGENERATE,True,False
000009,70,356,3,dirty,unsure,0.7665,PASS,False,False
000009,70,356,5,dirty,unsure,0.9026,PASS,False,False
000009,70,356,7,dirty,unsure,0.8959,PASS,False,False
000009,70,356,8,dirty,unsure,0.6965,REGENERATE,True,True
000009,70,356,9,dirty,unsure,0.9035,PASS,False,False
000009,70,356,10,dirty,unsure,0.6861,REGENERATE,True,True
000009,70,356,11,dirty,unsure,0.9204,PASS,False,False
000009,64,278,0,clean,unsure,0.5732,REGENERATE,True,False
000009,64,278,1,clean,unsure,0.8299,PASS,False,True
000009,64,278,2,dirty,unsure,0.8066,PASS,False,False
000009,64,278,3,clean,unsure,0.8467,PASS,False,True
000009,64,278,4,dirty,unsure,0.7778,PASS,False,False
000009,64,278,5,dirty,unsure,0.8678,PASS,False,False
000009,64,278,6,clean,unsure,0.7798,PASS,False,True
000009,64,278,7,dirty,unsure,0.6207,REGENERATE,True,True
000009,64,278,8,dirty,unsure,0.7638,PASS,False,False
000009,64,278,9,dirty,unsure,0.8885,PASS,False,False
000009,64,278,10,dirty,unsure,0.6065,REGENERATE,True,True
000009,64,278,11,dirty,unsure,0.7661,PASS,False,False
000010,60,417,0,dirty,unsure,0.9633,PASS,False,False
000010,60,417,1,dirty,dirty,,RESEGMENT,True,True
000010,60,417,2,clean,unsure,0.8821,PASS,False,True
000010,60,417,3,clean,unsure,0.8699,PASS,False,True
000010,60,417,4,clean,unsure,0.7169,PASS,False,True
000010,60,346,0,dirty,unsure,0.8624,PASS,False,False
000010,60,346,1,clean,unsure,0.7312,PASS,False,True
000010,60,346,2,clean,unsure,0.8168,PASS,False,True
000010,60,346,3,clean,unsure,0.8276,PASS,False,True
000010,60,346,4,clean,unsure,0.6188,REGENERATE,True,False
000010,65,280,0,dirty,unsure,0.7804,PASS,False,False
000010,65,280,1,dirty,unsure,0.6881,REGENERATE,True,True
000010,65,280,2,clean,unsure,0.6796,REGENERATE,True,False
000010,65,280,3,clean,unsure,0.7674,PASS,False,True
000010,65,280,4,clean,unsure,0.646,REGENERATE,True,False
000010,65,280,5,dirty,unsure,0.5679,REGENERATE,True,True
000011,69,431,0,clean,unsure,0.9248,PASS,False,True
000011,69,431,1,dirty,unsure,0.7808,PASS,False,False
000011,69,431,2,dirty,unsure,0.9627,PASS,False,False
000011,69,431,3,dirty,unsure,0.9282,PASS,False,False
000011,61,346,0,clean,unsure,0.7183,PASS,False,True
000011,61,346,1,clean,unsure,0.8616,PASS,False,True
000011,61,346,2,clean,unsure,0.9687,PASS,False,True
000011,61,346,3,dirty,unsure,0.8094,PASS,False,False
000011,69,216,0,clean,unsure,0.6472,REGENERATE,True,False
000011,69,216,1,dirty,unsure,0.8556,PASS,False,False
000011,69,216,2,dirty,unsure,0.9231,PASS,False,False
000011,69,216,3,clean,unsure,0.7978,PASS,False,True
000012,66,423,0,dirty,unsure,0.6349,REGENERATE,True,True
000012,66,423,3,dirty,unsure,0.5352,REGENERATE,True,True
000012,66,423,4,clean,unsure,0.9523,PASS,False,True
000012,66,423,5,dirty,unsure,0.9309,PASS,False,False
000012,66,350,0,clean,unsure,0.7573,PASS,False,True
000012,66,350,1,clean,unsure,0.6743,REGENERATE,True,False
000012,66,350,2,clean,unsure,0.919,PASS,False,True
000012,66,350,3,clean,unsure,0.7929,PASS,False,True
000012,66,350,4,clean,unsure,0.8577,PASS,False,True
000012,66,350,5,clean,unsure,0.7827,PASS,False,True
000012,2,221,0,clean,unsure,0.6454,REGENERATE,True,False
000012,2,221,1,clean,unsure,0.6725,REGENERATE,True,False
000012,2,221,2,dirty,unsure,0.5877,REGENERATE,True,True
000012,2,221,3,clean,unsure,0.6135,REGENERATE,True,False
000012,2,221,4,dirty,unsure,0.7125,PASS,False,False
000012,2,221,5,dirty,unsure,0.8966,PASS,False,False
000013,69,362,1,clean,unsure,0.8782,PASS,False,True
000013,69,362,2,clean,unsure,0.8758,PASS,False,True
000013,69,362,5,dirty,unsure,0.8786,PASS,False,False
000013,69,362,6,clean,unsure,0.0965,REGENERATE,True,False
000013,7,294,0,clean,unsure,0.8975,PASS,False,True
000013,7,294,2,clean,unsure,0.928,PASS,False,True
000013,7,294,3,clean,unsure,0.7462,PASS,False,True
000013,7,294,4,dirty,unsure,0.6314,REGENERATE,True,True
000013,7,294,5,dirty,unsure,0.8671,PASS,False,False
000013,7,294,6,clean,unsure,0.947,PASS,False,True
000013,7,294,7,clean,unsure,0.671,REGENERATE,True,False
000013,2,221,0,clean,unsure,0.7792,PASS,False,True
000013,2,221,1,clean,unsure,0.5004,REGENERATE,True,False
000013,2,221,2,clean,unsure,0.929,PASS,False,True
000013,2,221,3,clean,unsure,0.6007,REGENERATE,True,False
000013,2,221,4,dirty,unsure,0.6649,REGENERATE,True,True
000013,2,221,5,dirty,unsure,0.8337,PASS,False,False
000013,2,221,6,dirty,unsure,0.7663,PASS,False,False
000013,2,221,7,clean,unsure,0.675,REGENERATE,True,False
000014,65,427,0,dirty,unsure,0.8563,PASS,False,False
000014,65,427,1,dirty,unsure,0.9605,PASS,False,False
000014,65,427,2,sticky,unsure,0.3588,REGENERATE,True,True
000014,65,427,3,dirty,unsure,0.9472,PASS,False,False
000014,65,427,4,clean,unsure,0.8871,PASS,False,True
000014,65,427,5,dirty,unsure,0.9386,PASS,False,False
000014,65,427,6,dirty,unsure,0.8357,PASS,False,False
000014,65,357,0,dirty,unsure,0.8356,PASS,False,False
000014,65,357,1,dirty,unsure,0.9181,PASS,False,False
000014,65,357,2,sticky,unsure,0.6275,REGENERATE,True,True
000014,65,357,3,dirty,unsure,0.8021,PASS,False,False
000014,65,357,4,clean,unsure,0.6736,REGENERATE,True,False
000014,65,357,5,dirty,unsure,0.8115,PASS,False,False
000014,65,357,6,dirty,unsure,0.6755,REGENERATE,True,True
000014,143,290,0,dirty,unsure,0.8456,PASS,False,False
000014,143,290,1,clean,unsure,0.8404,PASS,False,True
000014,143,290,2,dirty,unsure,0.2004,REGENERATE,True,True
000014,143,290,3,dirty,unsure,0.7985,PASS,False,False
000014,143,290,4,clean,unsure,0.7664,PASS,False,True
000014,143,290,5,dirty,unsure,0.8509,PASS,False,False
000014,143,290,6,dirty,unsure,0.8488,PASS,False,False
000015,1,362,0,sticky,unsure,0.9029,PASS,False,False
000015,1,362,1,dirty,unsure,0.9227,PASS,False,False
000015,1,362,2,dirty,unsure,0.182,REGENERATE,True,True
000015,1,362,3,dirty,unsure,0.9769,PASS,False,False
000015,62,349,0,clean,unsure,0.9221,PASS,False,True
000015,62,349,1,clean,unsure,0.9327,PASS,False,True
000015,62,349,3,clean,unsure,0.9376,PASS,False,True
000015,62,349,4,clean,unsure,0.9704,PASS,False,True
000015,62,349,5,clean,unsure,0.691,REGENERATE,True,False
000015,1,217,0,clean,unsure,0.7748,PASS,False,True
000015,1,217,1,clean,unsure,0.7608,PASS,False,True
000015,1,217,2,clean,unsure,0.3943,REGENERATE,True,False
000015,1,217,3,clean,unsure,0.9326,PASS,False,True
000015,1,217,4,clean,unsure,0.8862,PASS,False,True
000015,1,217,5,clean,unsure,0.6025,REGENERATE,True,False
000016,68,425,0,clean,unsure,0.933,PASS,False,True
000016,68,425,1,dirty,unsure,0.4772,REGENERATE,True,True
000016,68,425,2,dirty,unsure,0.9197,PASS,False,False
000016,68,425,3,dirty,unsure,0.9262,PASS,False,False
000016,68,425,4,dirty,unsure,0.7562,PASS,False,False
000016,68,425,5,dirty,unsure,0.9257,PASS,False,False
000016,68,425,6,clean,unsure,0.8834,PASS,False,True
000016,68,425,7,dirty,unsure,0.8862,PASS,False,False
000016,68,356,0,clean,unsure,0.9312,PASS,False,True
000016,68,356,1,dirty,unsure,0.901,PASS,False,False
000016,68,356,2,dirty,unsure,0.8172,PASS,False,False
000016,68,356,3,dirty,unsure,0.6682,REGENERATE,True,True
000016,68,356,4,dirty,unsure,0.7636,PASS,False,False
000016,68,356,5,dirty,unsure,0.9312,PASS,False,False
000016,68,356,6,clean,unsure,0.8941,PASS,False,True
000016,68,356,7,clean,unsure,0.9095,PASS,False,True
000016,61,275,0,dirty,unsure,0.8921,PASS,False,False
000016,61,275,1,dirty,unsure,0.707,PASS,False,False
000016,61,275,2,dirty,dirty,,RESEGMENT,True,True
000016,61,275,3,dirty,unsure,0.7197,PASS,False,False
000016,61,275,4,dirty,unsure,0.8821,PASS,False,False
000016,61,275,5,clean,unsure,0.7755,PASS,False,True
000016,61,275,6,clean,unsure,0.8934,PASS,False,True
000016,61,275,7,clean,unsure,0.8979,PASS,False,True
000017,3,360,1,clean,unsure,0.0426,REGENERATE,True,False
000017,3,360,2,clean,unsure,0.8439,PASS,False,True
000017,3,360,3,dirty,unsure,0.9009,PASS,False,False
000017,3,360,4,dirty,unsure,0.6431,REGENERATE,True,True
000017,3,360,5,clean,unsure,0.927,PASS,False,True
000017,3,360,6,dirty,unsure,0.9327,PASS,False,False
000017,10,302,0,dirty,unsure,0.849,PASS,False,False
000017,10,302,1,clean,unsure,0.7567,PASS,False,True
000017,10,302,2,clean,unsure,0.8892,PASS,False,True
000017,10,302,3,dirty,unsure,0.5052,REGENERATE,True,True
000017,10,302,4,clean,unsure,0.5063,REGENERATE,True,False
000017,10,302,5,clean,unsure,0.9622,PASS,False,True
000017,10,302,6,clean,unsure,0.9493,PASS,False,True
000017,72,358,1,clean,unsure,0.4704,REGENERATE,True,False
000017,72,358,2,clean,unsure,0.8873,PASS,False,True
000017,72,358,3,clean,unsure,0.9345,PASS,False,True
000017,72,358,4,dirty,unsure,0.7614,PASS,False,False
000017,72,358,5,clean,unsure,0.898,PASS,False,True
000017,72,358,6,dirty,unsure,0.916,PASS,False,False
000018,67,426,0,dirty,unsure,0.8444,PASS,False,False
000018,67,426,1,sticky,unsure,0.9085,PASS,False,False
000018,67,426,2,sticky,dirty,,RESEGMENT,True,True
000018,67,426,3,sticky,dirty,,RESEGMENT,True,True
000018,67,426,5,dirty,dirty,,RESEGMENT,True,True
000018,67,426,6,clean,unsure,0.9697,PASS,False,True
000018,2,291,0,clean,unsure,0.8795,PASS,False,True
000018,2,291,1,dirty,unsure,0.8151,PASS,False,False
000018,2,291,2,dirty,dirty,,RESEGMENT,True,True
000018,2,291,3,dirty,unsure,0.4221,REGENERATE,True,True
000018,2,291,4,dirty,dirty,,RESEGMENT,True,True
000018,2,291,5,dirty,dirty,,RESEGMENT,True,True
000018,2,291,6,clean,dirty,,RESEGMENT,True,False
000018,139,357,0,clean,unsure,0.8175,PASS,False,True
000018,139,357,1,dirty,unsure,0.8416,PASS,False,False
000018,139,357,2,dirty,unsure,0.5187,REGENERATE,True,True
000018,139,357,3,dirty,unsure,0.8576,PASS,False,False
000018,139,357,4,clean,unsure,0.7807,PASS,False,True
000018,139,357,5,sticky,dirty,,RESEGMENT,True,True
000018,139,357,6,clean,unsure,0.9647,PASS,False,True
000019,1,364,0,dirty,unsure,0.827,PASS,False,False
000019,1,364,1,clean,unsure,0.6113,REGENERATE,True,False
000019,1,364,2,clean,unsure,0.897,PASS,False,True
000019,1,364,3,clean,unsure,0.9415,PASS,False,True
000019,1,364,5,clean,unsure,0.9359,PASS,False,True
000019,1,364,6,clean,unsure,0.8497,PASS,False,True
000019,1,364,7,clean,unsure,0.8372,PASS,False,True
000019,1,364,8,dirty,unsure,0.8626,PASS,False,False
000019,1,291,0,dirty,unsure,0.8466,PASS,False,False
000019,1,291,1,clean,unsure,0.6799,REGENERATE,True,False
000019,1,291,2,clean,unsure,0.8313,PASS,False,True
000019,1,291,3,clean,unsure,0.8492,PASS,False,True
000019,1,291,4,clean,unsure,0.9388,PASS,False,True
000019,1,291,5,clean,unsure,0.9707,PASS,False,True
000019,1,291,6,dirty,unsure,0.9364,PASS,False,False
000019,1,291,7,clean,unsure,0.7754,PASS,False,True
000019,1,291,8,dirty,unsure,0.8435,PASS,False,False
000019,1,219,0,clean,unsure,0.8585,PASS,False,True
000019,1,219,1,clean,unsure,0.6393,REGENERATE,True,False
000019,1,219,2,clean,unsure,0.7978,PASS,False,True
000019,1,219,3,clean,unsure,0.7624,PASS,False,True
000019,1,219,4,clean,unsure,0.9197,PASS,False,True
000019,1,219,5,clean,unsure,0.8181,PASS,False,True
000019,1,219,6,clean,unsure,0.827,PASS,False,True
000019,1,219,7,dirty,unsure,0.7097,PASS,False,False
000019,1,219,8,dirty,unsure,0.7165,PASS,False,False
000020,67,431,1,clean,unsure,0.6005,REGENERATE,True,False
000020,67,431,2,dirty,unsure,0.3599,REGENERATE,True,True
000020,67,431,4,sticky,dirty,,RESEGMENT,True,True
000020,67,431,5,sticky,unsure,0.8606,PASS,False,False
000020,67,431,7,sticky,unsure,0.5072,REGENERATE,True,True
000020,67,431,8,clean,unsure,0.5972,REGENERATE,True,False
000020,67,431,9,sticky,unsure,0.7921,PASS,False,False
000020,67,431,11,sticky,dirty,,RESEGMENT,True,True
000020,67,431,13,sticky,dirty,,RESEGMENT,True,True
000020,67,431,14,clean,unsure,0.8069,PASS,False,True
000020,67,431,16,sticky,unsure,0.811,PASS,False,False
000020,67,431,17,clean,unsure,0.6573,REGENERATE,True,False
000020,67,358,1,clean,unsure,0.4636,REGENERATE,True,False
000020,67,358,2,clean,unsure,0.3877,REGENERATE,True,False
000020,67,358,3,sticky,unsure,0.029,REGENERATE,True,True
000020,67,358,4,sticky,unsure,0.4754,REGENERATE,True,True
000020,67,358,5,sticky,unsure,0.7148,PASS,False,False
000020,67,358,7,dirty,unsure,0.6676,REGENERATE,True,True
000020,67,358,8,dirty,unsure,0.634,REGENERATE,True,True
000020,67,358,11,split,dirty,,RESEGMENT,True,True
000020,67,358,12,clean,unsure,0.7864,PASS,False,True
000020,67,358,14,dirty,unsure,0.8639,PASS,False,False
000020,67,358,17,clean,unsure,0.6153,REGENERATE,True,False
000020,11,230,0,sticky,unsure,0.5125,REGENERATE,True,True
000020,11,230,1,clean,unsure,0.7626,PASS,False,True
000020,11,230,2,clean,unsure,0.6742,REGENERATE,True,False
000020,11,230,3,sticky,unsure,0.1577,REGENERATE,True,True
000020,11,230,5,dirty,unsure,0.6688,REGENERATE,True,True
000020,11,230,7,clean,unsure,0.7343,PASS,False,True
000020,11,230,8,clean,unsure,0.8245,PASS,False,True
000020,11,230,10,dirty,unsure,0.634,REGENERATE,True,True
000020,11,230,12,dirty,unsure,0.7636,PASS,False,False
000020,11,230,13,clean,unsure,0.6417,REGENERATE,True,False
000020,11,230,14,dirty,unsure,0.734,PASS,False,False
000020,11,230,15,clean,unsure,0.6385,REGENERATE,True,False
000020,11,230,16,dirty,unsure,0.6856,REGENERATE,True,True
000020,11,230,17,clean,unsure,0.8282,PASS,False,True
