scene,frame_a,frame_b,inst_idx,defect,is_conflict,hit_AB,hit_BA,score,score_iou,pred,correct
000048,1133,2160,0,clean,False,0.9781,0.9951,0.9781,0.6708,False,True
000048,1133,2160,1,split,True,0.4855,0.8415,0.4855,0.3246,True,True
000048,1133,2160,2,dirty,True,0.9997,0.9263,0.9263,0.5844,False,False
000048,1133,2160,3,sticky,True,0.9852,0.5332,0.5332,0.3735,True,True
000048,1133,2160,4,clean,False,0.9082,0.9796,0.9082,0.7026,False,True
000048,36,1137,0,clean,False,0.9559,0.9356,0.9356,0.9559,False,True
000048,36,1137,1,split,True,0.3331,0.5739,0.3331,0.3331,True,True
000048,36,1137,2,dirty,True,1.0,0.7978,0.7978,1.0,False,False
000048,36,1137,3,sticky,True,0.987,0.2175,0.2175,0.72,True,True
000048,36,1137,4,clean,False,0.9279,0.7288,0.7288,0.9279,False,True
000048,36,1597,0,clean,False,0.9252,0.9237,0.9237,0.9252,False,True
000048,36,1597,1,split,True,0.1764,0.1021,0.1021,0.1616,True,True
000048,36,1597,2,dirty,True,1.0,0.7575,0.7575,1.0,False,False
000048,36,1597,3,sticky,True,0.9858,0.1471,0.1471,0.8002,True,True
000048,36,1597,4,clean,False,0.8983,0.6562,0.6562,0.8983,True,False
000049,91,1269,0,clean,False,0.9643,0.8133,0.8133,0.8257,False,True
000049,91,1269,1,split,True,0.4987,0.268,0.268,0.2256,True,True
000049,91,1269,3,sticky,True,0.9895,0.473,0.473,0.2573,True,True
000049,91,1179,0,clean,False,0.9556,0.8106,0.8106,0.8403,False,True
000049,91,1179,1,split,True,0.2642,0.1341,0.1341,0.1042,True,True
000049,91,1179,3,sticky,True,0.9877,0.4939,0.4939,0.2808,True,True
000049,521,1491,0,clean,False,0.9846,0.9549,0.9549,0.8475,False,True
000049,521,1491,1,split,True,0.5101,0.7049,0.5101,0.3506,True,True
000049,521,1491,2,dirty,True,0.9687,0.407,0.407,0.5557,True,True
000049,521,1491,3,sticky,True,0.9988,0.4209,0.4209,0.3322,True,True
000050,751,1874,0,clean,False,0.982,0.9962,0.982,0.6532,False,True
000050,751,1874,2,dirty,True,0.9143,0.991,0.9143,0.4767,False,False
000050,751,1874,3,sticky,True,0.8308,0.2938,0.2938,0.1861,True,True
000050,751,1874,4,clean,False,0.9003,0.9523,0.9003,0.4234,False,True
000050,620,1324,0,clean,False,0.9761,0.9931,0.9761,0.6713,False,True
000050,620,1324,2,dirty,True,0.9568,0.9841,0.9568,0.536,False,False
000050,620,1324,3,sticky,True,0.8061,0.3234,0.3234,0.1822,True,True
000050,620,1324,4,clean,False,0.9176,0.939,0.9176,0.4274,False,True
000051,240,1927,0,clean,False,0.9887,0.9433,0.9433,0.4722,False,True
000051,240,1927,1,split,True,0.5278,0.8257,0.5278,0.3125,True,True
000051,240,1927,2,dirty,True,0.9603,0.857,0.857,0.3781,False,False
000051,240,1927,3,sticky,True,0.9963,0.796,0.796,0.4113,False,False
000051,240,1927,4,clean,False,0.7708,0.6621,0.6621,0.3732,True,False
000051,116,1927,0,clean,False,0.9947,0.9031,0.9031,0.4872,False,True
000051,116,1927,1,split,True,0.5239,0.7828,0.5239,0.3025,True,True
000051,116,1927,2,dirty,True,0.952,0.8389,0.8389,0.3689,False,False
000051,116,1927,3,sticky,True,0.999,0.8012,0.8012,0.4564,False,False
000051,116,1927,4,clean,False,0.738,0.4935,0.4935,0.3251,True,False
000051,116,1729,0,clean,False,0.9904,0.8327,0.8327,0.582,False,True
000051,116,1729,1,split,True,0.5012,0.7057,0.5012,0.3489,True,True
000051,116,1729,2,dirty,True,0.9571,0.7545,0.7545,0.5217,False,False
000051,116,1729,3,sticky,True,0.992,0.8148,0.8148,0.5512,False,False
000051,116,1729,4,clean,False,0.7693,0.449,0.449,0.3865,True,False
000052,48,516,0,clean,False,0.9833,0.9937,0.9833,0.6237,False,True
000052,48,516,1,split,True,0.5824,0.8856,0.5824,0.4369,True,True
000052,48,516,2,dirty,True,0.9978,0.995,0.995,0.7003,False,False
000052,48,742,0,clean,False,0.9741,0.9961,0.9741,0.6621,False,True
000052,48,742,1,split,True,0.4509,0.7489,0.4509,0.3736,True,True
000052,48,742,2,dirty,True,0.9938,0.9945,0.9938,0.8335,False,False
000052,48,886,0,clean,False,0.9799,0.9926,0.9799,0.4941,False,True
000052,48,886,1,split,True,0.4542,0.7875,0.4542,0.3224,True,True
000052,48,886,2,dirty,True,0.9976,0.9937,0.9937,0.7897,False,False
000053,1,479,0,clean,False,0.8895,0.9887,0.8895,0.8895,False,True
000053,1,479,1,split,True,0.44,0.9769,0.44,0.44,True,True
000053,1,479,2,dirty,True,0.9574,0.9681,0.9574,0.9574,False,False
000053,168,716,0,clean,False,0.8766,0.991,0.8766,0.5119,False,True
000053,168,716,1,split,True,0.6542,0.9986,0.6542,0.6542,True,True
000053,168,716,2,dirty,True,0.9821,0.8881,0.8881,0.7944,False,False
000053,1,434,0,clean,False,0.911,0.9929,0.911,0.8203,False,True
000053,1,434,1,split,True,0.4701,0.9884,0.4701,0.4701,True,True
000053,1,434,2,dirty,True,0.9638,0.9213,0.9213,0.9638,False,False
000054,202,1111,0,clean,False,0.8026,0.9327,0.8026,0.5078,False,True
000054,202,1111,1,split,True,0.5848,0.9688,0.5848,0.4289,True,True
000054,202,1111,2,dirty,True,0.993,0.9612,0.9612,0.4654,False,False
000054,202,1111,3,sticky,True,0.9653,0.7849,0.7849,0.3811,False,False
000054,202,1111,4,clean,False,0.8079,0.8986,0.8079,0.5127,False,True
000054,202,1663,0,clean,False,0.9298,0.9967,0.9298,0.423,False,True
000054,202,1663,1,split,True,0.409,0.922,0.409,0.3356,True,True
000054,202,1663,2,dirty,True,0.9766,0.993,0.9766,0.3788,False,False
000054,202,1663,3,sticky,True,0.9854,0.8647,0.8647,0.3667,False,False
000054,202,1663,4,clean,False,0.7479,0.5474,0.5474,0.4928,True,False
000054,202,1355,0,clean,False,0.8361,0.9296,0.8361,0.529,False,True
000054,202,1355,1,split,True,0.4441,0.9291,0.4441,0.3706,True,True
000054,202,1355,2,dirty,True,0.9794,0.9808,0.9794,0.458,False,False
000054,202,1355,3,sticky,True,0.9715,0.8132,0.8132,0.4135,False,False
000054,202,1355,4,clean,False,0.7683,0.7499,0.7499,0.5389,False,True
000055,649,1717,0,clean,False,0.9149,0.9459,0.9149,0.6251,False,True
000055,649,1717,1,split,True,0.2994,0.9631,0.2994,0.251,True,True
000055,649,1717,2,dirty,True,0.9758,0.9726,0.9726,0.5398,False,False
000055,649,1717,3,sticky,True,0.9775,0.4477,0.4477,0.2787,True,True
000055,649,1717,4,clean,False,0.9606,0.926,0.926,0.5946,False,True
000055,649,1717,5,split,True,0.7556,0.9847,0.7556,0.7174,False,False
000055,512,1717,0,clean,False,0.9075,0.9475,0.9075,0.5711,False,True
000055,512,1717,1,split,True,0.2704,0.9699,0.2704,0.2264,True,True
000055,512,1717,2,dirty,True,0.9819,0.9816,0.9816,0.4755,False,False
000055,512,1717,3,sticky,True,0.9752,0.4187,0.4187,0.2506,True,True
000055,512,1717,4,clean,False,0.9498,0.9191,0.9191,0.5511,False,True
000055,512,1717,5,split,True,0.7668,0.9903,0.7668,0.7668,False,False
000055,100,1717,0,clean,False,0.8491,0.9909,0.8491,0.5243,False,True
000055,100,1717,1,split,True,0.171,0.9682,0.171,0.1387,True,True
000055,100,1717,2,dirty,True,0.9986,0.9731,0.9731,0.5527,False,False
000055,100,1717,3,sticky,True,0.9633,0.4843,0.4843,0.2824,True,True
000055,100,1717,4,clean,False,0.9355,0.9262,0.9262,0.8288,False,True
000055,100,1717,5,split,True,0.8306,0.9961,0.8306,0.8306,False,False
000056,143,956,0,clean,False,0.7901,0.9999,0.7901,0.4652,False,True
000056,143,956,1,split,True,0.4645,0.9506,0.4645,0.3186,True,True
000056,143,956,2,dirty,True,0.9345,0.9916,0.9345,0.6529,False,False
000056,143,956,3,sticky,True,0.9328,0.4199,0.4199,0.2333,True,True
000056,254,956,0,clean,False,0.8321,0.9988,0.8321,0.5171,False,True
000056,254,956,1,split,True,0.5067,0.9748,0.5067,0.3487,True,True
000056,254,956,2,dirty,True,0.9516,0.9911,0.9516,0.698,False,False
000056,254,956,3,sticky,True,0.9535,0.4477,0.4477,0.281,True,True
000056,143,522,0,clean,False,0.9304,0.9994,0.9304,0.6947,False,True
000056,143,522,1,split,True,0.4918,0.9871,0.4918,0.453,True,True
000056,143,522,2,dirty,True,0.9766,0.995,0.9766,0.8688,False,False
000056,143,522,3,sticky,True,0.9659,0.3976,0.3976,0.3228,True,True
000057,38,1057,0,clean,False,0.9958,0.9022,0.9022,0.4823,False,True
000057,38,1057,1,split,True,0.5424,0.7995,0.5424,0.3989,True,True
000057,38,1057,2,dirty,True,0.926,0.2284,0.2284,0.3095,True,True
000057,38,1057,3,sticky,True,0.7278,0.3166,0.3166,0.223,True,True
000057,38,1057,4,clean,False,0.9639,0.7566,0.7566,0.5155,False,True
000057,24,1066,0,clean,False,0.9868,0.8764,0.8764,0.5108,False,True
000057,24,1066,1,split,True,0.5515,0.8225,0.5515,0.4229,True,True
000057,24,1066,2,dirty,True,0.9303,0.1526,0.1526,0.3919,True,True
000057,24,1066,3,sticky,True,0.7151,0.2796,0.2796,0.2278,True,True
000057,24,1066,4,clean,False,0.9584,0.7176,0.7176,0.6117,False,True
000057,38,844,0,clean,False,0.9981,0.9629,0.9629,0.4711,False,True
000057,38,844,1,split,True,0.5587,0.89,0.5587,0.3869,True,True
000057,38,844,2,dirty,True,0.9398,0.5423,0.5423,0.3151,True,True
000057,38,844,3,sticky,True,0.7052,0.2925,0.2925,0.1741,True,True
000057,38,844,4,clean,False,0.9488,0.8683,0.8683,0.4958,False,True
000058,617,1549,0,clean,False,0.9949,0.9148,0.9148,0.8261,False,True
000058,617,1549,1,split,True,0.6715,0.8088,0.6715,0.5426,True,True
000058,617,1549,2,dirty,True,0.9959,0.7084,0.7084,0.7633,False,False
000058,617,1549,3,sticky,True,0.9936,0.6443,0.6443,0.6019,True,True
000058,583,1549,0,clean,False,0.9978,0.9199,0.9199,0.8483,False,True
000058,583,1549,1,split,True,0.6688,0.8268,0.6688,0.5465,True,True
000058,583,1549,2,dirty,True,0.9974,0.7046,0.7046,0.7794,False,False
000058,583,1549,3,sticky,True,0.9952,0.6421,0.6421,0.6146,True,True
000058,444,1639,0,clean,False,0.9999,0.9005,0.9005,0.9577,False,True
000058,444,1639,1,split,True,0.6867,0.7454,0.6867,0.5812,True,True
000058,444,1639,2,dirty,True,0.9756,0.6682,0.6682,0.8174,True,True
000058,444,1639,3,sticky,True,0.9734,0.605,0.605,0.6775,True,True
000059,164,422,0,clean,False,0.9839,0.9638,0.9638,0.7089,False,True
000059,164,422,1,split,True,0.5625,0.8441,0.5625,0.4709,True,True
000059,164,422,2,dirty,True,0.9653,0.4503,0.4503,0.3339,True,True
000059,164,422,3,sticky,True,0.7233,0.114,0.114,0.0767,True,True
000059,164,422,4,clean,False,0.9277,0.9327,0.9277,0.6096,False,True
000059,164,422,5,split,True,0.603,0.5829,0.5829,0.3638,True,True
000059,164,567,0,clean,False,0.9862,0.9246,0.9246,0.5945,False,True
000059,164,567,1,split,True,0.6525,0.7084,0.6525,0.4588,True,True
000059,164,567,2,dirty,True,0.9141,0.2217,0.2217,0.15,True,True
000059,164,567,3,sticky,True,0.7215,0.0476,0.0476,0.1007,True,True
000059,164,567,4,clean,False,0.8791,0.9225,0.8791,0.602,False,True
000059,164,567,5,split,True,0.2092,0.0867,0.0867,0.088,True,True
000059,274,648,0,clean,False,0.9762,0.9663,0.9663,0.7066,False,True
000059,274,648,1,split,True,0.5748,0.8356,0.5748,0.5184,True,True
000059,274,648,2,dirty,True,0.9488,0.4437,0.4437,0.396,True,True
000059,274,648,3,sticky,True,0.9063,0.2528,0.2528,0.1475,True,True
000059,274,648,4,clean,False,0.933,0.9548,0.933,0.6828,False,True
000059,274,648,5,split,True,0.432,0.3772,0.3772,0.3127,True,True
