scene,frame_a,frame_b,inst_idx,defect,is_conflict
000048,1,1024,0,clean,否
000048,1,1024,1,split,是
000048,1,1024,2,dirty,是
000048,1,1024,3,sticky,是
000048,1,1024,4,clean,否
000048,1,1059,0,clean,否
000048,1,1059,1,split,是
000048,1,1059,2,dirty,是
000048,1,1059,3,sticky,是
000048,1,1059,4,clean,否
000048,36,1024,0,clean,否
000048,36,1024,1,split,是
000048,36,1024,2,dirty,是
000048,36,1024,3,sticky,是
000048,36,1024,4,clean,否
000048,36,1074,0,clean,否
000048,36,1074,1,split,是
000048,36,1074,2,dirty,是
000048,36,1074,3,sticky,是
000048,36,1074,4,clean,否
