frame,image,psnr
0,000001.jpg,18.2763
1,000036.jpg,18.8768
2,000047.jpg,19.0430
3,000058.jpg,19.7734
4,000065.jpg,19.7683
5,000073.jpg,20.3530
6,000091.jpg,20.2302
7,000109.jpg,19.9644
8,000125.jpg,18.9235
9,000148.jpg,19.7111
10,000231.jpg,18.1131
11,000357.jpg,18.0424
12,000521.jpg,20.8054
13,000526.jpg,20.8928
14,000537.jpg,21.3439
15,000542.jpg,21.2509
16,000552.jpg,21.7192
17,000558.jpg,21.6839
18,000564.jpg,21.6444
19,000570.jpg,21.7769
20,000576.jpg,21.4765
21,000591.jpg,21.7852
22,000594.jpg,21.5096
23,000617.jpg,21.2864
24,000629.jpg,21.1017
25,000631.jpg,20.8125
26,000651.jpg,20.7789
27,000669.jpg,19.7797
28,000762.jpg,19.4784
29,001024.jpg,18.2942
30,001036.jpg,19.2320
31,001052.jpg,18.7732
32,001067.jpg,18.4487
33,001095.jpg,19.1042
34,001102.jpg,18.9219
35,001130.jpg,18.7615
36,001144.jpg,18.6822
37,001150.jpg,18.5739
38,001157.jpg,18.6045
39,001168.jpg,17.7380
40,001172.jpg,18.0025
41,001179.jpg,17.6625
42,001269.jpg,18.4564
43,001491.jpg,18.7134
44,001554.jpg,18.3496
45,001557.jpg,19.8176
46,001565.jpg,20.1584
47,001568.jpg,20.1535
48,001575.jpg,20.4634
49,001582.jpg,20.2072
50,001587.jpg,19.9086
51,001592.jpg,20.7654
52,001595.jpg,20.2255
53,001614.jpg,20.9910
54,001615.jpg,21.0179
55,001618.jpg,20.9756
56,001631.jpg,21.1108
57,001641.jpg,20.3557
58,001644.jpg,19.6688
59,001655.jpg,20.8929
60,001671.jpg,20.3166
61,001677.jpg,20.6614
62,001682.jpg,21.0773
63,001688.jpg,20.6467
64,001881.jpg,18.9354
65,002061.jpg,20.5154
66,002064.jpg,20.5202
67,002089.jpg,20.8900
68,002097.jpg,20.9217
69,002119.jpg,20.8867
70,002123.jpg,20.7553
71,002146.jpg,21.0658
72,002151.jpg,20.9803
73,002173.jpg,20.3179
74,002196.jpg,19.8763
