image_id,instance_id,is_clean,is_split,is_sticky,note
real_images\000048_000001.png,1,是,否,否,clean
real_images\000048_000001.png,2,否,是,否,split
real_images\000048_000001.png,3,否,否,否,dirty
real_images\000048_000001.png,4,否,否,是,sticky
real_images\000048_000001.png,5,否,否,是,sticky
real_images\000048_000036.png,1,是,否,否,clean
real_images\000048_000036.png,2,否,是,否,split
real_images\000048_000036.png,3,否,否,否,dirty
real_images\000048_000036.png,4,否,否,是,sticky
real_images\000048_000036.png,5,否,否,是,sticky
real_images\000049_000001.png,1,是,否,否,clean
real_images\000049_000001.png,2,否,是,否,split
real_images\000049_000001.png,3,否,否,是,sticky
real_images\000049_000001.png,4,否,否,是,sticky
real_images\000049_000036.png,1,是,否,否,clean
real_images\000049_000036.png,2,否,是,否,split
real_images\000049_000036.png,3,否,否,是,sticky
real_images\000049_000036.png,4,否,否,是,sticky
real_images\000051_000001.png,1,是,否,否,clean
real_images\000051_000001.png,2,否,是,否,split
real_images\000051_000001.png,3,否,否,否,dirty
real_images\000051_000001.png,4,否,否,是,sticky
real_images\000051_000001.png,5,否,否,是,sticky
real_images\000051_000035.png,1,是,否,否,clean
real_images\000051_000035.png,2,否,是,否,split
real_images\000051_000035.png,3,否,否,否,dirty
real_images\000051_000035.png,4,否,否,是,sticky
real_images\000051_000035.png,5,否,否,是,sticky
