scene,fa,fb,idx,gt_kind,s2_score,geo_conflict,vlm_defect,vlm_conf,vlm_conflict,geo_correct,vlm_correct,vlm_kind_exact,reason
000048,1133,2160,4,clean,0.9082,False,clean,0.78,False,True,True,True,红色mask为单个连通区域，基本贴合同一带柄手形物体，未见明显缺块、游离碎块或把旁边物体连入。
000048,36,1137,0,clean,0.9356,False,sticky,0.82,True,True,False,False,图2红色mask把上方红色杯子也圈进来，与目标物体连成一块。
000048,36,1137,4,clean,0.7288,False,clean,0.82,False,True,True,True,红色 mask 连续覆盖同一勺状物体，未见缺块、游离碎块或粘连旁物。
000048,36,1597,0,clean,0.9237,False,clean,0.72,False,True,True,True,图2红色mask整体贴合同一个绿色杯子，未见明显缺块、游离碎块或把旁边红杯/支架圈入。
000048,36,1597,4,clean,0.6562,True,clean,0.78,False,False,True,True,图2 的红色 mask 是单一连通区域，轮廓与视角 A 中带柄物体的形态一致，未见缺块、游离碎块或粘连旁边物体。
000049,91,1269,0,clean,0.8133,False,clean,0.9,False,True,True,True,图2红色mask完整贴合同一Domino糖盒，未混入旁边罐头或红色底座，也没有明显缺块。
000049,91,1269,3,sticky,0.473,True,sticky,0.75,True,True,True,True,图2 的红色 mask 把 Domino 糖盒和其下方的碗/盘状物连成了一块，混入了相邻物体。
000049,91,1179,0,clean,0.8106,False,clean,0.82,False,True,True,True,图2红色mask基本完整贴合Domino糖盒，未明显混入旁边碗或罐头，也未见缺块或游离碎块。
000049,91,1179,3,sticky,0.4939,True,sticky,0.9,True,True,True,True,图2红色mask把旁边的Domino糖盒也圈进来，与圆盘/碗连成一块。
000049,521,1491,0,clean,0.9549,False,clean,0.86,False,True,True,True,图2红色mask整体贴合Domino糖盒轮廓，未见明显缺块、游离碎块或把旁边罐头/碗圈入。
000049,521,1491,3,sticky,0.4209,True,clean,0.78,False,True,False,False,图2红色mask基本只覆盖同一个碗/圆盘状物体，未见明显缺块、游离碎块或把糖盒等邻物圈入。
000050,751,1874,0,clean,0.982,False,clean,0.86,False,True,True,True,红色mask完整贴合同一纸盒可见区域，未混入旁边罐子、瓶子或电钻，也没有明显缺块。
000050,751,1874,4,clean,0.9003,False,clean,0.85,False,True,True,True,红色mask完整覆盖同一电钻主体，未混入香蕉或旁边物体，也没有明显缺块或碎裂。
000050,620,1324,0,clean,0.9761,False,clean,0.86,False,True,True,True,红色mask基本完整贴合同一纸盒，未见明显缺块、游离碎块或把旁物圈入。
000050,620,1324,4,clean,0.9176,False,clean,0.86,False,True,True,True,图2红色mask整体连续贴合电钻本体，未见明显缺块、游离碎块或把香蕉等邻物圈入。
000051,240,1927,0,clean,0.9433,False,sticky,0.72,True,True,False,False,红色mask右下方疑似延伸到番茄汤罐头，与相邻物体连成一块。
000051,240,1927,4,clean,0.6621,True,clean,0.88,False,False,True,True,图2红色mask基本贴合剪刀可见部分，未见明显缺块、游离碎块或粘连糖盒。
000051,116,1927,0,clean,0.9031,False,sticky,0.78,True,True,False,False,图2红色mask在右下方延伸并与旁边躺着的汤罐头连成一片，疑似把邻近物体也圈入。
000051,116,1927,4,clean,0.4935,True,clean,0.72,False,False,True,True,红色 mask 基本贴合剪刀的可见部分，未见明显缺块、游离碎块或与旁边糖盒连成一体。
000051,116,1729,4,clean,0.449,True,clean,0.78,False,False,True,True,红色mask基本贴合剪刀可见部分，未明显混入糖盒或产生游离碎块。
000052,48,516,0,clean,0.9833,False,clean,0.92,False,True,True,True,图2红色mask完整贴合同一个瓶子，未缺块、无游离碎块，也未把旁边水壶或罐头圈入。
000052,48,742,0,clean,0.9741,False,clean,0.92,False,True,True,True,红色mask完整贴合瓶身和瓶盖，没有缺块、游离碎块，也未把旁边蓝色水壶圈入。
000052,48,886,0,clean,0.9799,False,clean,0.9,False,True,True,True,图2红色mask完整贴合同一个瓶子，未缺块也未圈入旁物。
000053,1,479,0,clean,0.8895,False,clean,0.88,False,True,True,True,红色mask完整贴合同一个罐头，未缺块，也没有把旁边SPAM罐或红碗连成一块。
000053,168,716,0,clean,0.8766,False,clean,0.82,False,True,True,True,图2红色mask基本完整贴合同一个汤罐，未见明显缺块、游离碎块或把旁边碗/罐头粘连进来。
000053,1,434,0,clean,0.911,False,clean,0.86,False,True,True,True,图2红色mask基本完整贴合前景罐头，未见明显缺块、游离碎块或把旁边红碗/SPAM罐粘连进来。
000054,202,1111,3,sticky,0.7849,False,sticky,0.86,True,False,True,True,图2红色mask除电钻本体外，还把右侧相邻的黑色物体连成一块圈了进来。
000054,202,1111,4,clean,0.8079,False,sticky,0.66,True,True,False,False,图2红色mask与旁边红色电钻下部/手柄连成一片，疑似把相邻物体也圈进来了。
000054,202,1663,3,sticky,0.8647,False,sticky,0.76,True,False,True,True,图2红色mask在电钻右下方连成一条，把旁边黑色小物体也圈进了同一实例。
000054,202,1663,4,clean,0.5474,True,clean,0.8,False,False,True,True,图2红色mask为单一连通区域，贴合同一目标在视角B下的可见形态，未明显混入电钻或盒子，也没有缺块。
000054,202,1355,3,sticky,0.8132,False,sticky,0.72,True,False,True,True,图2红色mask在电钻主体外还连进了右下方相邻的黑色长条物体，形成一整块。
000054,202,1355,4,clean,0.7499,False,clean,0.74,False,True,True,True,红色 mask 基本完整贴合同一小工具，未见明显分裂、游离碎块或把邻近黄盒/电钻圈入。
000055,649,1717,0,clean,0.9149,False,clean,0.86,False,True,True,True,红色mask完整覆盖右侧杯子的杯口、杯身和底部，边界贴合，没有明显缺块、游离碎块或粘连旁边物体。
000055,649,1717,4,clean,0.926,False,clean,0.92,False,True,True,True,红色 mask 完整覆盖同一个杯子（含杯柄），没有明显缺块、游离碎块或把旁边物体连进来。
000055,512,1717,0,clean,0.9075,False,clean,0.92,False,True,True,True,图2红色mask完整贴合右侧目标杯子，未缺块也未混入旁边物体。
000055,512,1717,4,clean,0.9191,False,clean,0.92,False,True,True,True,红色mask完整贴合杯子本体和把手，没有缺块、游离碎块，也未把旁边蓝罐或木块粘连进来。
000055,100,1717,0,clean,0.8491,False,clean,0.9,False,True,True,True,图2红色mask完整覆盖同一个杯子，边界贴合且未混入旁边椅子或其他物体。
000055,100,1717,4,clean,0.9262,False,clean,0.9,False,True,True,True,红色 mask 完整覆盖同一个杯子及杯把，未混入旁物或明显缺块。
000056,143,956,0,clean,0.7901,False,clean,0.92,False,True,True,True,图2红色mask完整贴合同一个圆罐，没有缺块、游离碎块或粘连旁物。
000056,143,956,3,sticky,0.4199,True,sticky,0.78,True,True,True,True,图2红色mask在覆盖电钻的同时把相邻的罐子也罩进来并连成一片。
000056,254,956,0,clean,0.8321,False,clean,0.92,False,True,True,True,图2红色mask完整贴合同一圆罐，未缺块也未混入旁边物体。
000056,254,956,3,sticky,0.4477,True,sticky,0.82,True,True,True,True,图2 的红色 mask 除了电钻外还把旁边的罐子一起圈进来，连成了一块。
000056,143,522,0,clean,0.9304,False,clean,0.92,False,True,True,True,图2红色mask完整贴合圆柱罐，未混入香蕉、水壶或电钻等旁物。
000056,143,522,3,sticky,0.3976,True,sticky,0.9,True,True,True,True,图2红色mask在罩住电钻的同时把相邻的蓝色罐子也连成一块圈了进去。
000057,38,1057,0,clean,0.9022,False,clean,0.9,False,True,True,True,图2红色mask整体贴合同一个罐子，边界完整且未明显混入旁边物体。
000057,38,1057,3,sticky,0.3166,True,sticky,0.82,True,True,True,True,红色 mask 除了夹住绿色夹子本体，还把右侧红色小方块一并圈入并连成一块。
000057,38,1057,4,clean,0.7566,False,clean,0.78,False,True,True,True,图2红色mask为单一连通区域，基本贴合中间小物体，未连上旁边马克笔或清洁剂瓶，也未见游离碎块。
000057,24,1066,0,clean,0.8764,False,clean,0.92,False,True,True,True,图2红色mask完整贴合同一个罐头，没有明显缺块、游离碎块或把旁边物体圈入。
000057,24,1066,4,clean,0.7176,False,clean,0.62,False,True,True,True,红色 mask 为单一紧凑区域，位置与视角 A 中 4 号物体相对应，未见明显缺块、碎块或把旁边瓶子/笔圈入。
000057,38,844,0,clean,0.9629,False,clean,0.92,False,True,True,True,图2红色mask完整贴合前景罐子，没有缺块、游离碎块或粘连旁边物体。
000057,38,844,4,clean,0.8683,False,clean,0.82,False,True,True,True,图2红色mask为单一连通区域，基本贴合同一目标，未见明显缺块、游离碎块或与旁物黏连。
000058,617,1549,0,clean,0.9148,False,clean,0.82,False,True,True,True,红色mask基本贴合Domino糖盒可见轮廓，没有明显缺块、游离碎块或把旁边盒子圈入。
000058,583,1549,0,clean,0.9199,False,clean,0.9,False,True,True,True,红色 mask 完整贴合 Domino 糖盒的可见区域，没有明显缺块、游离碎块或把旁边 Jell-O 盒圈入。
000058,444,1639,0,clean,0.9005,False,clean,0.86,False,True,True,True,图2红色mask基本完整贴合Domino糖盒，没有明显缺块、游离碎块或把旁边巧克力/果冻盒连成一块。
000059,164,422,4,clean,0.9277,False,sticky,0.68,True,True,False,False,图2红色mask在覆盖电钻时左侧/下方连进了Cheez-It盒子区域，疑似把相邻物体也圈成一块。
000059,164,567,4,clean,0.8791,False,clean,0.88,False,True,True,True,红色mask基本完整贴合电钻本体，未见明显缺块、游离碎块或把旁边罐头纸盒粘连进来。
000059,274,648,4,clean,0.933,False,clean,0.82,False,True,True,True,红色 mask 基本完整贴合电钻轮廓，未见明显缺块、游离碎块或与旁边物体粘连。
